-- phpMyAdmin SQL Dump
-- version 5.2.1
-- https://www.phpmyadmin.net/
--
-- Gép: 127.0.0.1
-- Létrehozás ideje: 2026. Ápr 15. 07:56
-- Kiszolgáló verziója: 10.4.32-MariaDB
-- PHP verzió: 8.2.12

SET SQL_MODE = "NO_AUTO_VALUE_ON_ZERO";
START TRANSACTION;
SET time_zone = "+00:00";


/*!40101 SET @OLD_CHARACTER_SET_CLIENT=@@CHARACTER_SET_CLIENT */;
/*!40101 SET @OLD_CHARACTER_SET_RESULTS=@@CHARACTER_SET_RESULTS */;
/*!40101 SET @OLD_COLLATION_CONNECTION=@@COLLATION_CONNECTION */;
/*!40101 SET NAMES utf8mb4 */;

--
-- Adatbázis: `ecotrip`
--
CREATE DATABASE IF NOT EXISTS `ecotrip` DEFAULT CHARACTER SET utf8 COLLATE utf8_hungarian_ci;
USE `ecotrip`;

-- --------------------------------------------------------

--
-- Tábla szerkezet ehhez a táblához `bookings`
--

CREATE TABLE `bookings` (
  `id` int(11) NOT NULL,
  `user_id` int(11) NOT NULL,
  `trip_id` int(11) DEFAULT NULL,
  `seats` int(11) NOT NULL,
  `days` int(15) NOT NULL,
  `start_date` date NOT NULL,
  `end_date` date NOT NULL,
  `total_price` decimal(10,2) NOT NULL,
  `payment_type` varchar(25) NOT NULL,
  `status` varchar(20) DEFAULT 'pending',
  `created_at` datetime DEFAULT current_timestamp()
) ENGINE=InnoDB DEFAULT CHARSET=utf8mb4 COLLATE=utf8mb4_general_ci;

-- --------------------------------------------------------

--
-- Tábla szerkezet ehhez a táblához `countrys`
--

CREATE TABLE `countrys` (
  `id` int(11) NOT NULL,
  `country` varchar(100) NOT NULL,
  `country_description` text NOT NULL,
  `flag_url` varchar(255) NOT NULL
) ENGINE=InnoDB DEFAULT CHARSET=utf8mb4 COLLATE=utf8mb4_general_ci;

--
-- A tábla adatainak kiíratása `countrys`
--

INSERT INTO `countrys` (`id`, `country`, `country_description`, `flag_url`) VALUES
(1, 'Magyarország', 'Utazz zöldebben, fedezd fel Magyarország érintetlen szépségeit és fenntartható szállásait!', 'img/zaszlok/hu.png'),
(2, 'Olaszország', 'Olaszország a szépség és a fenntarthatóság harmóniáját kínálja minden utazó számára.', 'img/zaszlok/it.png'),
(3, 'Spanyolország', 'Spanyolország napsütötte partjai, pezsgő városai és fenntartható utazási lehetőségei tökéletes élményt kínálnak minden tudatos utazónak.', 'img/zaszlok/es.png'),
(4, 'Ausztria', 'Utazz zölden Ausztriába, ahol az Alpok tiszta természete és a fenntartható városok várnak!', 'img/zaszlok/at.png'),
(5, 'Franciaország', 'Franciaország a kultúra, gasztronómia és a környezettudatos utazás tökéletes kombinációja.', 'img/zaszlok/fr.png'),
(6, 'Görögország', 'Fedezd fel Görögország napsütötte szigeteit és fenntartható élményeit a tenger partján!', 'img/zaszlok/gr.png'),
(7, 'Horvátország', 'Horvátország kristálytiszta tengere és zöld nemzeti parkjai felejthetetlen, tudatos utazást kínálnak.', 'img/zaszlok/hr.png'),
(8, 'Törökország', 'Törökország egzotikus kultúrája és változatos tájai fenntartható kalandokra hívnak.', 'img/zaszlok/tr.png'),
(9, 'Egyiptom', 'Egyiptom ősi csodái és a Vörös-tenger élővilága zöld utazásra inspirálnak.', 'img/zaszlok/eg.png'),
(10, 'Egyesült Arab Emírségek', 'Az Emirátusok modern városai és innovatív zöld megoldásai a jövő utazását mutatják.', 'img/zaszlok/ae.png'),
(11, 'Thaiföld', 'Thaiföld trópusi paradicsoma és ökobarát szállásai a tudatos utazók álma.', 'img/zaszlok/th.png'),
(12, 'Marokkó', 'Marokkó színes kultúrája és sivatagi tájai fenntartható kalandokat kínálnak.', 'img/zaszlok/ma.png'),
(13, 'Málta', 'Málta mediterrán hangulata és tiszta tengerpartjai tökéletesek egy zöld kiruccanáshoz.', 'img/zaszlok/mt.png'),
(14, 'Portugália', 'Portugália óceánpartjai és zöld városai ideálisak a fenntartható felfedezéshez.', 'img/zaszlok/pt.png'),
(15, 'Csehország', 'Csehország történelmi városai és zöld vidékei nyugodt, tudatos utazást kínálnak.', 'img/zaszlok/cz.png'),
(16, 'Németország', 'Németország a fenntartható közlekedés és zöld városok egyik európai éllovasa.', 'img/zaszlok/de.png');

-- --------------------------------------------------------

--
-- Tábla szerkezet ehhez a táblához `reviews`
--

CREATE TABLE `reviews` (
  `id` int(11) NOT NULL,
  `name` varchar(255) NOT NULL,
  `review` text NOT NULL,
  `stars` int(11) NOT NULL
) ENGINE=InnoDB DEFAULT CHARSET=utf8mb4 COLLATE=utf8mb4_general_ci;

--
-- A tábla adatainak kiíratása `reviews`
--

INSERT INTO `reviews` (`id`, `name`, `review`, `stars`) VALUES
(1, 'Kovács Eszter', 'Fantasztikus élmény volt! Végre egy iroda, ahol az öko-tudatosság nem csak marketingfogás. A választott szállásunk minden szempontból környezetbarát volt, mégis megkaptuk azt a kényelmet, amire vágytunk. Köszönjük a tippet!', 5),
(2, 'Nagy Bence', 'Imádtuk a természetközeli elhelyezkedést. Az iroda segített megtalálni a tökéletes helyszínt, ahol tényleg ki tudtunk kapcsolni a városi zajból és közelebb kerülhettünk a természethez. Profi és korrekt ügyintézés!', 5),
(3, 'Szabó Kata', 'Már többször foglaltunk az EcoTrip-nél és sosem csalódtunk. A hagyományos szállodák közül mindig a legjobb ár-érték arányúakat ajánlják. Gyorsak, pontosak és segítőkészek.', 4),
(4, 'Tóth Márk', 'Minden a megbeszéltek szerint alakult. A szállás tiszta, modern és központi elhelyezkedésű volt. Külön pont jár az irodának a részletes tájékoztatásért az utazás előtt!', 4),
(5, 'Horváth Lili', 'Szuper, hogy egy helyen válogathatok a luxus hotelek és az egyedi öko-házak között. Látszik, hogy minden partnert alaposan megválogatnak. Csak ajánlani tudom őket!', 5),
(6, 'Farkas Dániel', 'A múzeumi útvonaltervvel rengeteg időt spóroltunk. Az iroda nagyon segítőkész és mindig remek program ajánlatokat kapok.', 4),
(7, 'Papp Zsófia', 'Fantasztikus látni, hogy van iroda, amelyik ennyire szívén viseli a környezetvédelmet. A tippjeitek a hulladékmentes utazáshoz sokat segítettek!', 5),
(8, 'Molnár Gergő', 'Bátortalanok voltunk az öko-irányba, de az iroda meggyőzött minket, és nem bántuk meg. Luxus és fenntarthatóság tényleg megfér egymás mellett.', 5),
(9, 'Kiss Réka', 'Vannak még fejlesztési lehetőségek a kommunikációban (időpont-egyeztetés), de a program maga hibátlan volt. 2. túra után már 5 csillag lesz!', 3),
(10, 'Varga Tamás', 'A klasszikus wellness hétvége, amire vágytunk. Minden flottul ment, a hotel pedig pontosan olyan volt, mint a képeken.', 5),
(11, 'Sipos Anna', 'Szuper központi szállodát kaptunk, minden látnivaló sétatávolságra volt. Nagyon értik a dolgukat!', 5),
(12, 'Juhász Péter', 'Összességében elégedettek vagyunk, de a szállodában a bejelentkezésnél sokat kellett várni. Az iroda szerencsére telefonon azonnal segített sürgetni a folyamatot.', 3),
(13, 'Lakatos Noémi', 'Végre nem csak a látszat-zöldülés! Itt tényleg odafigyeltek a víztakarékosságra és a helyi alapanyagokra. Profi választás volt az irodától.', 5),
(14, 'Bodnár István', 'Tisztaság, nyugalom és fenntarthatóság. Minden pontosan úgy volt, ahogy az iroda ígérte.', 5),
(15, 'Mészáros Dóra', 'Egy klasszikus wellness hétvégére vágytunk, és pontosan azt kaptuk, amit kértünk. Semmi sallang, csak tiszta luxus és kényelem.', 4),
(16, 'Simon Balázs', 'Nagyon korrekt ügyintézés. A szállodában tudtak az érkezésünkről, a szoba pedig tágas és modern volt.', 5),
(17, 'Hegedűs Emese', 'A személyzet az irodában nagyon kedves volt, segítettek kiválasztani a legjobb családi szobát a hotelben.', 4),
(18, 'Kerekes Olivér', 'Minden zökkenőmentesen ment a reptéri transzfertől a bejelentkezésig. Megbízható csapat!', 5),
(19, 'Fodor Gréta', 'A hotel kiválasztásakor a legfontosabb a központi elhelyezkedés volt, és az iroda telitalálatot ajánlott. Minden sétatávolságra volt.', 4),
(20, 'Barna Richárd', 'A környezettudatos szemléletmód nálunk alap, és jó látni, hogy az iroda is ezen az úton jár. Csak így tovább!', 5),
(21, 'Gál Kinga', 'A foglalás során volt egy kis kavarodás a dátumokkal, de az iroda fél órán belül rendezte a helyzetet és kaptunk egy kis ajándékot is.', 3),
(22, 'Orosz Ádám', 'Végre találtam egy irodát, ahol a luxus nem a márványt jelenti, hanem a csendet és a kristálytiszta levegőt. Köszönöm a tippet!', 5),
(23, 'Németh Szilvia', 'Gyors válaszok, átlátható árak. A városi hotel, amit ajánlottak, minden igényünket kielégítette.', 4),
(24, 'Takács Levente', 'A hotel reggelije pazar volt, a személyzet pedig az iroda kérésére még egy kis meglepetést is bekészített a szobánkba a szülinapomra.', 5),
(25, 'Dénes Laura', 'Ritka az ilyen korrekt iroda. Nem ígértek lehetetlent, de amit kaptunk, az minden szempontból prémium volt.', 5),
(28, 'Kovács Anna', 'Nagyon tetszik az EcoTrip oldal, könnyű használni és gyorsan találtam környezetbarát utazási lehetőségeket. Biztosan használni fogom még.', 5),
(29, 'Szabó Péter', 'Az oldal dizájnja szép és az ajánlatok érdekesek. Jó, hogy hangsúlyt kap a fenntartható utazás.', 4),
(30, 'Tóth Márk', 'Az EcoTrip jó ötlet, de néha kicsit lassan töltődnek be az oldalak. Ettől függetlenül az ajánlatok jók.', 3),
(31, 'Molnár Bence', 'Nem volt rossz, de nekem hiányzott néhány részletes információ az utazásokról.', 2),
(32, 'Varga Gábor', 'Hasznos szolgáltatás, de több szűrő lehetne az utazások kereséséhez. Remélem a jövőben bővítik.', 3),
(33, 'Balogh Tamás', 'Sajnos nem találtam annyi ajánlatot, mint vártam, és a kereső sem volt túl pontos.', 1),
(34, 'Nagy Dóra', 'Egyszerű volt az utazás keresése és sok hasznos információt találtam a helyszínekről. Kellemes élmény volt használni az oldalt.', 5);

-- --------------------------------------------------------

--
-- Tábla szerkezet ehhez a táblához `trips`
--

CREATE TABLE `trips` (
  `id` int(11) NOT NULL,
  `type` tinyint(1) NOT NULL DEFAULT 0,
  `country_id` int(11) DEFAULT NULL,
  `city` varchar(100) NOT NULL,
  `hotel_name` varchar(255) NOT NULL,
  `stars` int(11) DEFAULT NULL CHECK (`stars` between 1 and 5),
  `long_description` text DEFAULT NULL,
  `image_url` varchar(500) DEFAULT NULL,
  `price` decimal(10,2) NOT NULL DEFAULT 0.00,
  `available` int(11) NOT NULL DEFAULT 0
) ENGINE=InnoDB DEFAULT CHARSET=utf8mb4 COLLATE=utf8mb4_general_ci;

--
-- A tábla adatainak kiíratása `trips`
--

INSERT INTO `trips` (`id`, `type`, `country_id`, `city`, `hotel_name`, `stars`, `long_description`, `image_url`, `price`, `available`) VALUES
(1, 0, 1, 'Budapest', 'Aria Hotel', 5, 'Az Aria Hotel luxushotel a Bazilika mellett, ahol a zene hangulata minden részletben érezhető. Elegáns, tágas szobák légkondicionálóval, minibárral és modern berendezéssel várják a vendégeket. A tetőtéri bár panorámás kilátást biztosít a városra, ideális romantikus estékhez. A wellness és spa részleg masszázzsal, szaunával és medencével gondoskodik a teljes kikapcsolódásról. A személyzet barátságos és segítőkész, a városi programok megszervezésében is támogatást nyújt. A hotel étterme a nemzetközi és magyar konyha remekeit kínálja. Ideális választás pároknak, üzleti utazóknak és kulturális élményekre vágyóknak.', 'img/utjaink kepek/hu_ariahotel.jpg', 9500.00, 0),
(2, 0, 1, 'Lillafüred', 'Hunguest Hotel Palota', 4, 'Kastélyszálló a Hámori-tó partján, lenyűgöző természetközeli környezetben. Kényelmes, klasszikusan berendezett szobák várják a vendégeket. A wellness részleg medencével, szaunával és fitnesz lehetőségekkel rendelkezik. A szálloda étterme magyar és nemzetközi specialitásokat kínál. Családias hangulat, barátságos személyzet és számos programlehetőség teszi felejthetetlenné a tartózkodást. Ideális pihenésre, kirándulásokhoz és aktív kikapcsolódáshoz.', 'img/utjaink kepek/hu_palotaszallo.jpg', 11000.00, 0),
(3, 0, 1, 'Szeged', 'Danubius Hotel Helia', 4, 'A Danubius Hotel Helia egy elegáns, négycsillagos szálloda Szeged szívében, amely a kényelem és a modern szolgáltatások tökéletes kombinációját kínálja. A vendégek kényelmét jól felszerelt szobák, ínycsiklandó éttermek és kellemes wellness-részleg szolgálja. Ideális választás üzleti útra vagy pihentető városi tartózkodásra, a belváros közelsége pedig lehetővé teszi, hogy könnyen felfedezze Szeged nevezetességeit.\r\n', 'img/utjaink kepek/hu_danubis.jpg', 16000.00, 0),
(4, 0, 1, 'Pécs', 'Palatinus Grand Hotel', 4, 'A Palatinus Grand Hotel egy exkluzív, négycsillagos szálloda Pécs belvárosában, amely a luxus és a kényelem tökéletes harmóniáját kínálja. A vendégeket elegáns szobák, változatos éttermi kínálat és modern wellness-részleg várja. Kiváló választás üzleti utakhoz vagy pihentető városi kikapcsolódáshoz, a város főbb látnivalói könnyen elérhetők a szállodából.\r\n', 'img/utjaink kepek/hu_platinus.jpg', 12000.00, 0),
(5, 0, 2, 'Róma', 'Hotel Artemide', 4, 'A Hotel Artemide a római belváros szívében kínál modern kényelmet és eleganciát. Tágas, világos szobái légkondicionálóval, minibárral és modern bútorokkal felszereltek. A wellness részlegben szauna, masszázs és fitnesz lehetőségek állnak rendelkezésre a teljes kikapcsolódásért. A tetőtéri étterem páratlan panorámát nyújt a városra, miközben a hagyományos és modern olasz ételek remekeit kínálja. A szálloda barátságos személyzete segít a városi programok megszervezésében. Ideális választás mindazoknak, akik egyszerre keresnek kényelmet, stílust és központi elhelyezkedést. A vendégek értékelik a hangulatos lounge teraszt és a kiváló reggelit. A szálloda alkalmas romantikus kiruccanásokra, üzleti utazásokra és hosszabb tartózkodásra is.', 'img/utjaink kepek/it_artemide.jpg', 28000.00, 0),
(6, 0, 2, 'Toszkána', 'Agriturismo La Poggiolina', 3, 'Ez a hangulatos agriturismo a toszkán szőlőültetvények között található, és a vidéki élet nyugalmát kínálja. A szobák egyszerűek, de kényelmesek, sok helyen antik bútorokkal és rusztikus dekorációval. A szálloda étterme házi készítésű, helyi specialitásokat kínál, amelyek tökéletesen kiegészítik a vidéki környezetet. A kert és a terasz ideális a pihenéshez vagy egy pohár bor élvezetéhez naplementekor. Családias hangulat, barátságos személyzet és nyugodt légkör várja a vendégeket. Az agriturismo alkalmas természetközeli kikapcsolódásra és autentikus toszkán élményekre. A szállás kiválóan alkalmas pároknak és családoknak egyaránt. Különféle túrázási és kerékpáros lehetőségek is rendelkezésre állnak a környéken.', 'img/utjaink kepek/it_lapoggiolina.jpg', 14000.00, 0),
(7, 0, 2, 'Nápoly', 'Grand Hotel Vesuvio', 5, 'A Grand Hotel Vesuvio Nápoly ikonikus tengerparti luxusszállodája, lenyűgöző kilátással a Vezúvra. A tágas, stílusosan berendezett szobák panorámás kilátást kínálnak a tengerre vagy a városra. A wellness részleg és a medencék teljes kikapcsolódást biztosítanak, a spa szolgáltatások pedig a vendégek kényelmét szolgálják. Az étteremben a helyi és nemzetközi konyha remekeit kóstolhatják meg a vendégek, míg a bár elegáns környezete a pihenésre hív. A szálloda szolgáltatásai közé tartozik a concierge, parkolás és privát transzfer lehetőség. Ideális választás luxus pihenéshez, romantikus tartózkodáshoz vagy üzleti utazásokhoz. A szálloda tágas társalgói és stílusos közösségi tere segítik a vendégek kényelmét. A kiváló elhelyezkedésnek köszönhetően könnyen elérhetők a város főbb látnivalói.', 'img/utjaink kepek/it_granhotel.jpg', 22000.00, 0),
(8, 0, 2, 'Firenze', 'Hotel Bernini Palace', 5, 'Ez a történelmi palotából kialakított luxushotel a város szívében található. A szobák tágasak és stílusosak, légkondicionálóval, minibárral és luxus fürdőszobával felszereltek. Az étterem helyi és nemzetközi specialitásokat kínál, a bárban pedig elegáns környezetben lehet pihenni. A hotel wellness és spa szolgáltatásokat is nyújt a vendégek kényelmére. A személyzet professzionális és barátságos, segít a városi programok megszervezésében. A szálloda ideális választás a kultúra és luxus iránt érdeklődő vendégeknek. A történelmi hangulat és a modern kényelem tökéletes kombinációja teszi felejthetetlenné a tartózkodást. A közelben elérhetők a város nevezetességei, üzletei és múzeumai. A vendégek élvezhetik a hangulatos lobby és a társalgók nyújtotta kényelmet.', 'img/utjaink kepek/it_hotelnbernini.jpg', 21000.00, 0),
(9, 1, 1, 'Budapest', 'Green Hotel Budapest', 5, 'Zöld környezet, helyi termékekkel és fenntartható megoldásokkal. Kényelmes, világos szobák természetes anyagokkal és energiatakarékos berendezéssel. Étterem helyi és organikus alapanyagokból kínál ételeket. Wellness szolgáltatások és közösségi terek fenntartható módon működnek. A személyzet segíti a fenntartható életmód és helyi programok felfedezését. Ideális pároknak, családoknak és környezettudatos utazóknak. A hotel zöld kialakítása nyugodt és élményszerű tartózkodást biztosít.', 'img/okoutjaink kepek/greenhotel.jpg', 58500.00, 0),
(10, 1, 1, 'Budapest', 'Bohem Art Hotel', 3, 'Művészeti szálloda, ökológiai kezdeményezésekkel. Kényelmes szobák természetes anyagokból, energiatakarékos berendezéssel. A szálloda kulturális programokat és fenntartható élményeket kínál. Étterem helyi alapanyagokból készült ételekkel várja a vendégeket. A személyzet barátságos és segítőkész, támogatja a fenntartható életmódot. Ideális fiatal utazóknak, pároknak és kultúra iránt érdeklődőknek. A szálloda öko-koncepciója és művészeti hangulata nyugodt tartózkodást biztosít.', 'img/okoutjaink kepek/bohemart.jpg', 20000.00, 0),
(11, 1, 1, 'Budapest', 'Continental Hotel', 4, 'A Continental Hotel modern dizájnt ötvöz a fenntarthatósággal. Energiahatékony rendszereinek köszönhetően csökkentett ökológiai lábnyommal működik.', 'img/okoutjaink kepek/continental.jpg', 46000.00, 0),
(12, 1, 1, 'Budapest', 'Intercontinental Hotel', 5, 'Az Intercontinental Hotel luxust és fenntarthatóságot ötvöz, környezeti tanúsítvánnyal rendelkezik.', 'img/okoutjaink kepek/intercontinental.jpg', 82500.00, 0),
(13, 1, 2, 'Milánó', 'E.c.ho Hotel', 4, 'Az E.c.ho Hotel Milánó egyik legzöldebb szállodája, amelyet a fenntartható turizmus mintapéldájaként tartanak számon.', 'img/okoutjaink kepek/echo.jpg', 68000.00, 0),
(14, 1, 2, 'Szicília', 'Rifugio Lanzagallo', 3, 'Vidéki menedékház organikus reggelivel és bio kozmetikumokkal. Helyi anyagokból kialakított szobák és hangulatos közösségi terek biztosítják a nyugodt pihenést. Az étkezések organikus, helyi alapanyagokból készülnek. A személyzet a fenntarthatóságot és a helyi kultúra tiszteletét hangsúlyozza. Ideális természetkedvelőknek, családoknak és romantikus tartózkodásokhoz. A menedékház autentikus, környezetbarát élményt nyújt.', 'img/okoutjaink kepek/rifugio.jpg', 23500.00, 0),
(15, 1, 2, 'Tirol', 'Felder Alpin Lodge', 4, 'Hegyi lodge, fenntartható felújítással és a helyi kultúra tiszteletével. Kényelmes, természetes anyagokból berendezett szobák biztosítják a nyugodt pihenést. A lodge öko-programokat kínál, mint például helyi termények és bio reggelik. A környezetbarát kialakítás, a megújuló energiaforrások és a közösségi terek a fenntarthatóságot hangsúlyozzák. Ideális természetkedvelőknek, pároknak és kiránduló turistáknak. A személyzet elkötelezett a környezetvédelem és a helyi kultúra iránt.', 'img/okoutjaink kepek/felder.jpg', 57000.00, 0),
(16, 1, 2, 'Etna', 'Monaci delle Terre Nere', 5, 'Luxus öko-szállás, saját organikus gazdasággal és helyi terményekkel. Elegáns, fenntartható szobák prémium berendezéssel és természetes anyagokkal. Spa és wellness részleg bio kozmetikumokkal, medencével és szaunával várja a vendégeket. Az éttermek helyi, organikus alapanyagokból készített gourmet ételeket kínálnak. A személyzet környezetbarát programokat és fenntartható élményeket biztosít. Ideális pároknak, családoknak és luxus fenntartható élményre vágyóknak.', 'img/okoutjaink kepek/monaci.jpg', 79500.00, 0),
(17, 1, 3, 'Lagos', 'Quinta da Paz Algarve', 4, 'Öko-szállás organikus kerttel és helyi termékekkel. Tágas, világos szobák természetes anyagokból berendezve. A kert és a közösségi terek a vendégek kikapcsolódását szolgálják. Az éttermek helyi, fenntartható alapanyagokból kínálnak ételeket. A személyzet segít a fenntartható életmód és helyi élmények felfedezésében. Ideális pároknak, családoknak és természetkedvelőknek. A szálloda zöld kezdeményezései garantálják a felejthetetlen élményt.', 'img/okoutjaink kepek/Quinta.jpg', 48000.00, 0),
(18, 1, 3, 'Barcelona', 'Hotel 1898', 5, 'Biosphere tanúsítványú luxushotel, fenntartható életmóddal és környezetbarát kozmetikumokkal. Elegáns, modern szobák prémium felszereltséggel. Spa, wellness és fitnesz szolgáltatások fenntartható módon működnek. Az éttermek helyi, organikus alapanyagokból kínálnak gourmet ételeket. A személyzet professzionális, a környezettudatosságot és helyi élményeket hangsúlyozza. Ideális luxus fenntartható tartózkodásokhoz, pároknak és üzleti utazóknak.', 'img/okoutjaink kepek/hotel1898.jpg', 75500.00, 0),
(19, 1, 3, 'Sevilla', 'Only YOU Hotel Sevilla', 3, 'Modern dizájn, fenntartható megoldásokkal. Kényelmes szobák, természetbarát anyagokkal és energiatakarékos berendezéssel. Éttermek és bárok helyi, organikus alapanyagokkal működnek. A személyzet a fenntartható életmód és a helyi kultúra iránti elkötelezettséget képviseli. Ideális fiatal pároknak és tudatos utazóknak. A szálloda környezetbarát kialakítása kellemes és nyugodt pihenést biztosít.', 'img/okoutjaink kepek/only.jpg', 28550.00, 0),
(20, 1, 3, 'Barcelona', 'Hotel Duquesa de Cardona', 4, 'Környezetbarát kozmetikumokkal és a Barcelona+Sustainable hálózathoz csatlakozva működik. Tágas, világos szobák természetes anyagokból. Éttermek helyi és organikus alapanyagokból kínálnak ételeket. A személyzet támogatja a fenntartható életmódot és a helyi programok felfedezését. Ideális pároknak, családoknak és városi környezetet kedvelő utazóknak. A szálloda modern, öko-tudatos környezetet biztosít.', 'img/okoutjaink kepek/duquesa.jpg', 65000.00, 0),
(21, 1, 4, 'Bécs', 'Boutique Hotel Donauwalzer', 4, 'Zöld kezdeményezéseket alkalmazó szálloda, helyi termékekkel. Elegáns, fenntartható anyagokból berendezett szobák. Étterem organikus és helyi alapanyagokból készített ételeket kínál. Wellness szolgáltatások fenntartható megoldásokkal. A személyzet segíti a fenntartható életmódot és a helyi kultúra felfedezését. Ideális pároknak, családoknak és üzleti utazóknak. A hotel környezettudatos kialakítása és szolgáltatásai garantálják a nyugodt pihenést.', 'img/okoutjaink kepek/boutique.jpg', 48550.00, 0),
(22, 1, 4, 'Bécs', 'Hotel Kaiserhof', 3, 'Modern fenntarthatósági megoldásokkal rendelkező szálloda. Kényelmes szobák energiatakarékos berendezéssel. Étterem helyi, organikus ételeket kínál. A személyzet barátságos és segítőkész, a fenntarthatósági programokban támogatást nyújt. Ideális rövid tartózkodásokhoz, pároknak és üzleti utazóknak. A hotel egyszerűsége és zöld kialakítása biztosítja a kényelmet.', 'img/okoutjaink kepek/kaiserhof.jpg', 27500.00, 0),
(23, 1, 4, 'Bécs', 'The Harmonie Vienna', 4, 'Környezetvédelemre és helyi kultúrára fókuszáló szálloda. Tágas szobák természetes anyagokból, energiatakarékos megoldásokkal. Étterem helyi és organikus alapanyagokból kínál ételeket. Wellness szolgáltatások és közösségi terek fenntartható módon működnek. A személyzet segít a fenntartható életmód és a helyi élmények felfedezésében. Ideális pároknak, családoknak és kulturális utazóknak. A hotel zöld és nyugodt környezete garantálja a pihenést.', 'img/okoutjaink kepek/harmonie.jpg', 59000.00, 0),
(24, 1, 4, 'Fontanella', 'Cabinski', 5, 'Fenntartható faházak, amelyek tiszteletben tartják a helyi ökoszisztémát. Tágas, természetes anyagokból berendezett szobák. Éttermek helyi, organikus alapanyagokkal működnek. Wellness és közösségi terek fenntartható megoldásokkal. A személyzet segít a fenntartható programok és helyi élmények megszervezésében. Ideális természetkedvelőknek, családoknak és romantikus tartózkodásokhoz. A lodge környezettudatos kialakítása garantálja a zavartalan pihenést.', 'img/okoutjaink kepek/cabinski.jpg', 70550.00, 0),
(29, 1, 5, 'Montpellier', 'Domaine de Biar', 4, 'Luxus öko-szállás bambuszerdővel. Kényelmes, fenntartható anyagokból berendezett szobák. Éttermek helyi, organikus alapanyagokból kínálnak ételeket. Spa és wellness szolgáltatások fenntartható módon működnek. A személyzet barátságos és professzionális, segíti a fenntartható életmód és a helyi kultúra felfedezését. Ideális romantikus tartózkodásokhoz, családoknak és természetkedvelőknek. A hotel bambuszerdője és zöld kialakítása felejthetetlenné teszi a tartózkodást.', 'img/okoutjaink kepek/domaine.jpg', 64000.00, 0),
(30, 1, 5, 'Arles', 'Hôtel Mas de la Grenouillère', 4, 'Fenntartható szállás Provence-ban. Tágas, világos szobák természetes anyagokkal és energiatakarékos megoldásokkal. Étterem helyi, organikus alapanyagokból kínál ételeket. Wellness és közösségi terek fenntartható módon működnek. A személyzet segíti a fenntartható programok és helyi élmények felfedezését. Ideális pároknak, családoknak és természetkedvelőknek. A szálloda Provence-i hangulata és zöld kialakítása garantálja a nyugodt pihenést.', 'img/okoutjaink kepek/mas.jpg', 52000.00, 0),
(31, 1, 5, 'Villers-la-Ville', 'Cabanes Champêtres', 3, 'Öko-kabinszállások természetközeli élménnyel. Kényelmes, faépítésű szobák, energiatakarékos berendezéssel. Étkezési lehetőségek organikus, helyi alapanyagokból. A személyzet barátságos, a fenntartható életmódot és közösségi élményeket segíti. Ideális természetkedvelőknek, családoknak és romantikus tartózkodásokhoz. A kabinok és a természet közelsége biztosítja a zavartalan kikapcsolódást.', 'img/okoutjaink kepek/lescabanes.jpg', 31000.00, 0),
(32, 1, 5, 'Bretagne', 'Natura Lodge', 4, 'Helyi kultúrát és környezetvédelmet hangsúlyozó szállás. Tágas, természetes anyagokból berendezett szobák energiatakarékos megoldásokkal. Éttermek organikus és helyi alapanyagokból kínálnak ételeket. Wellness és közösségi terek fenntarthatóan működnek. A személyzet professzionális és segítőkész, a fenntartható programok megszervezésében is támogatást nyújt. Ideális pároknak, családoknak és természetkedvelőknek. A lodge zöld kialakítása nyugodt tartózkodást biztosít.', 'img/okoutjaink kepek/naturalodge.jpg', 58000.00, 0),
(33, 1, 6, 'Volimes', 'eco Boutique apart Hotel Galini', 4, 'Fenntartható apartman, minden tartózkodás után faültetéssel. Kényelmes, modern szobák, természetes anyagokkal. Étkezés organikus, helyi alapanyagokból történik. A személyzet segít a fenntartható életmód és helyi programok felfedezésében. Ideális pároknak, családoknak és környezettudatos utazóknak. Az öko-lodge kialakítása és fenntartható tevékenységei felejthetetlenné teszik a tartózkodást.', 'img/okoutjaink kepek/boutiqueapart.jpg', 52000.00, 0),
(34, 1, 6, 'Laconia', 'Eumelia Organic Farm', 3, 'Organikus farm, helyi termékekkel és fenntartható programokkal. Szobák kényelmesek, természetes anyagokból berendezve. Étterem helyi, organikus alapanyagokból kínál ételeket. A személyzet támogatja a fenntartható életmódot és a helyi kultúra megismerését. Ideális természetkedvelőknek, családoknak és romantikus tartózkodásokhoz. A farm és a fenntartható élmények biztosítják a nyugodt pihenést.', 'img/okoutjaink kepek/eumelia.jpg', 32500.00, 0),
(35, 1, 6, 'Santorini', 'Native Eco Villas', 5, 'Fenntartható villák, a helyi kultúra tiszteletével. Elegáns, modern szobák, természetes anyagokkal és energiatakarékos megoldásokkal. Étterem organikus, helyi alapanyagokból kínál gourmet ételeket. Spa és wellness szolgáltatások fenntartható módon működnek. A személyzet professzionális, a fenntartható programok és helyi élmények felfedezését is támogatja. Ideális luxus fenntartható tartózkodásokhoz, pároknak és családoknak. A villák kialakítása és szolgáltatásai garantálják a felejthetetlen élményt.', 'img/okoutjaink kepek/native.jpg', 80000.00, 0),
(36, 1, 6, 'Kréta', 'Metohi Kindelis', 4, 'Fenntartható szállás, a helyi kultúra és környezetvédelem hangsúlyával. Kényelmes, világos szobák természetes anyagokból. Étterem helyi és organikus alapanyagokból kínál ételeket. Wellness és közösségi terek fenntarthatóan működnek. A személyzet segít a fenntartható életmód és a helyi programok felfedezésében. Ideális pároknak, családoknak és természetkedvelőknek. A lodge öko-koncepciója biztosítja a nyugodt pihenést.', 'img/okoutjaink kepek/metohi.jpg', 42500.00, 0),
(37, 1, 7, 'Trnulja', 'Bio apartments Trnulja', 4, 'Fenntartható apartmanok helyi termékekkel és zöld kezdeményezésekkel. Kényelmes, világos szobák természetes anyagokból. Étkezési lehetőségek organikus és helyi alapanyagokból. A személyzet barátságos és segítőkész, a fenntartható programok megszervezésében is támogatást nyújt. Ideális pároknak, családoknak és természetkedvelőknek. A szálloda öko-koncepciója garantálja a nyugodt és környezettudatos tartózkodást.', 'img/okoutjaink kepek/bioapartments.jpg', 49550.00, 0),
(38, 1, 7, 'Sirolo', 'Acanto Country House Relais', 3, 'Öko-luxus szállás, a helyi ökoszisztéma tiszteletével. Kényelmes szobák természetes anyagokból berendezve, energiatakarékos megoldásokkal. Étterem helyi és organikus alapanyagokból kínál ételeket. Wellness és közösségi terek fenntartható módon működnek. A személyzet segíti a fenntartható életmód és a helyi programok felfedezését. Ideális romantikus tartózkodásokhoz, családoknak és természetkedvelőknek.', 'img/okoutjaink kepek/acanto.jpg', 35000.00, 0),
(39, 1, 7, 'Split', 'Green & Boutique Hotel Split', 4, 'Fenntartható szállás, a helyi kultúra és környezetvédelem hangsúlyával. Tágas, világos szobák természetes anyagokból berendezve. Étterem organikus és helyi alapanyagokból kínál ételeket. Spa és wellness szolgáltatások fenntartható módon működnek. A személyzet barátságos és segítőkész, a fenntartható programok és helyi élmények felfedezését is támogatja. Ideális pároknak, családoknak és ökotudatos utazóknak.', 'img/okoutjaink kepek/greenboutique.jpg', 54000.00, 0),
(40, 1, 7, 'Omiš', 'Boutique Hotel Villa Dvor', 5, 'Fenntartható szállás, családias hangulattal. Elegáns, modern szobák természetes anyagokból, energiatakarékos berendezéssel. Étterem organikus, helyi alapanyagokból kínál gourmet ételeket. Wellness és közösségi terek fenntarthatóan működnek. A személyzet professzionális, a fenntartható programok és helyi élmények megszervezésében is segít. Ideális pároknak, családoknak és romantikus tartózkodásokhoz. A szálloda öko-koncepciója és szolgáltatásai garantálják a zavartalan pihenést.', 'img/okoutjaink kepek/villadvor.jpg', 68550.00, 0),
(41, 1, 8, 'Bolu', 'Yaban Off-Grid Permaculture Farm', 4, 'Off-grid permakultúrás farm, a helyi ökoszisztéma tiszteletével. Kényelmes, természetes anyagokból berendezett szobák, energiatakarékos megoldásokkal. Étkezési lehetőségek organikus, helyi alapanyagokból. A személyzet segíti a fenntartható életmód és közösségi élmények felfedezését. Ideális természetkedvelőknek, pároknak és családoknak. A farm öko-koncepciója garantálja a nyugodt és környezettudatos tartózkodást.', 'img/okoutjaink kepek/yaban.jpg', 42500.00, 0),
(42, 1, 8, 'Datça', 'Goknar Knidos Oasis Retreat', 3, 'Fenntartható visszavonulás organikus kerttel. Kényelmes, világos szobák természetes anyagokból, energiatakarékos berendezéssel. Étterem helyi és organikus alapanyagokból kínál ételeket. A személyzet barátságos és segítőkész, támogatja a fenntartható életmód és a helyi kultúra felfedezését. Ideális pároknak, romantikus tartózkodásokhoz és természetkedvelőknek. A retreat környezetbarát kialakítása nyugodt pihenést biztosít.', 'img/okoutjaink kepek/goknar.jpg', 36000.00, 0),
(43, 1, 8, 'Bodrum', 'Tree of Life Eco Camp', 4, 'Fenntartható kemping, környezetvédelem és közösségi élmény hangsúlyával. Kényelmes, faépítésű szálláshelyek, természetes anyagokból. Étkezés organikus, helyi alapanyagokból történik. A személyzet segíti a fenntartható életmód és a helyi programok felfedezését. Ideális családoknak, pároknak és természetkedvelőknek. A kemping öko-koncepciója garantálja a nyugodt és élményszerű tartózkodást.', 'img/okoutjaink kepek/tree.jpg', 42000.00, 0),
(44, 1, 8, 'Kappadókia', 'Ariana Sustainable Luxury Lodge', 5, 'Luxus fenntartható szállás, a helyi kultúra tiszteletével. Elegáns, modern szobák természetes anyagokból, energiatakarékos berendezéssel. Étterem organikus és helyi alapanyagokból kínál gourmet ételeket. Spa és wellness szolgáltatások fenntartható módon működnek. A személyzet professzionális, a fenntartható programok és helyi élmények felfedezését is segíti. Ideális luxus fenntartható tartózkodásokhoz, pároknak és családoknak. A lodge öko-koncepciója garantálja a zavartalan pihenést.', 'img/okoutjaink kepek/ariana.jpg', 75500.00, 0),
(45, 1, 9, 'Siwa', 'Desert Rose Eco Lodge', 3, 'Fenntartható sivatagi szállás, a helyi kultúra tiszteletével. Kényelmes szobák természetes anyagokból és energiatakarékos megoldásokkal. Étkezés organikus, helyi alapanyagokból történik. A személyzet segíti a fenntartható életmód és a helyi közösségek megismerését. Ideális pároknak, családoknak és természetkedvelőknek. A lodge környezetbarát kialakítása garantálja a nyugodt és autentikus sivatagi élményt.', 'img/okoutjaink kepek/desert.jpg', 32000.00, 0),
(46, 1, 9, 'Aswan', 'Nubian Eco Village', 4, 'Fenntartható falusi szállás, a helyi közösség bevonásával. Kényelmes, világos szobák természetes anyagokból berendezve. Étterem helyi és organikus alapanyagokból kínál ételeket. A személyzet barátságos és segítőkész, támogatja a fenntartható életmód és helyi programok felfedezését. Ideális családoknak, pároknak és természetkedvelőknek. A falu autentikus hangulata és öko-koncepciója biztosítja a zavartalan pihenést.', 'img/okoutjaink kepek/nubian.jpg', 49500.00, 0),
(47, 1, 9, 'Sinai', 'Eco Lodge Sinai', 5, 'Luxus öko-szállás teljes energiafüggetlenséggel. Elegáns, fenntartható szobák természetes anyagokból. Spa és wellness részleg fenntartható módon működik. Étterem organikus és helyi alapanyagokból kínál gourmet ételeket. A személyzet professzionális és barátságos, segít a fenntartható programok és helyi élmények megszervezésében. Ideális luxus tartózkodásokhoz, pároknak és családoknak. A lodge öko-koncepciója garantálja a zavartalan és környezettudatos pihenést.', 'img/okoutjaink kepek/ecolodge.jpg', 73000.00, 0),
(48, 1, 9, 'Kairó', 'Cairo Green Suites', 3, 'Városi öko-szállás, környezetbarát megoldásokkal. Kényelmes szobák természetes anyagokból, energiatakarékos berendezéssel. Étkezés organikus és helyi alapanyagokból. A személyzet segít a fenntartható életmód és a városi programok felfedezésében. Ideális pároknak, üzleti utazóknak és környezettudatos turistáknak. A szálloda öko-koncepciója nyugodt és élményszerű városi tartózkodást biztosít.', 'img/okoutjaink kepek/cairogreen.jpg', 38000.00, 0),
(49, 1, 10, 'Dubai', 'The Sustainable City Hotel', 5, 'Teljesen fenntartható luxus hotel zöld energiával. Elegáns, modern szobák természetes anyagokból. Éttermek organikus és helyi alapanyagokból kínálnak gourmet ételeket. Spa és wellness szolgáltatások fenntartható módon működnek. A személyzet professzionális, segíti a fenntartható programok és helyi élmények felfedezését. Ideális luxus tartózkodásokhoz, pároknak és családoknak. A szálloda zöld kialakítása és szolgáltatásai garantálják a zavartalan pihenést.', 'img/okoutjaink kepek/TheSustainable.jpg', 88000.00, 0),
(50, 1, 10, 'Abu Dhabi', 'Green Palm Resort', 4, 'Környezetbarát szállás helyi termékekkel. Kényelmes, világos szobák energiatakarékos berendezéssel. Étterem helyi és organikus alapanyagokból kínál ételeket. Wellness és közösségi terek fenntarthatóan működnek. A személyzet barátságos és segítőkész, támogatja a fenntartható életmódot és helyi programok felfedezését. Ideális pároknak, családoknak és környezettudatos turistáknak.', 'img/okoutjaink kepek/greenpalm.jpg', 68500.00, 0),
(51, 1, 10, 'Sharjah', 'Eco Stay Sharjah', 3, 'Öko-apartmanok fenntartható szolgáltatásokkal. Kényelmes szobák természetes anyagokból, energiatakarékos berendezéssel. Étkezési lehetőségek organikus, helyi alapanyagokból. A személyzet segít a fenntartható életmód és helyi élmények felfedezésében. Ideális rövid városi tartózkodásokhoz, pároknak és üzleti utazóknak. Az apartman öko-koncepciója biztosítja a nyugodt pihenést.', 'img/okoutjaink kepek/ecostay.jpg', 45000.00, 0),
(52, 1, 10, 'Ras Al Khaimah', 'Desert Bloom Eco Lodge', 4, 'Fenntartható sivatagi lodge, zöld kezdeményezésekkel. Kényelmes szobák természetes anyagokból berendezve, energiatakarékos megoldásokkal. Étterem helyi és organikus alapanyagokból kínál ételeket. A személyzet barátságos és professzionális, támogatja a fenntartható életmód és a helyi programok felfedezését. Ideális pároknak, családoknak és természetkedvelőknek. A lodge környezetbarát kialakítása garantálja a zavartalan pihenést.', 'img/okoutjaink kepek/desertbloom.jpg', 72500.00, 0),
(53, 1, 11, 'Chiang Mai', 'Baan Eco Lodge', 4, 'Öko-lodge organikus kerttel és helyi programokkal. Kényelmes, világos szobák természetes anyagokból berendezve. Étterem organikus, helyi alapanyagokból kínál ételeket. A személyzet barátságos és segítőkész, a fenntartható életmód és a helyi kultúra felfedezését segíti. Ideális természetkedvelőknek, pároknak és családoknak. A lodge zöld kialakítása és fenntartható programjai biztosítják a nyugodt tartózkodást.', 'img/okoutjaink kepek/baan.jpg', 34000.00, 0),
(54, 1, 11, 'Koh Lanta', 'Koh Lanta Eco Villas', 5, 'Luxus öko-villák, a tengeri élővilág tiszteletével. Elegáns, modern szobák természetes anyagokból. Étterem organikus és helyi alapanyagokból kínál gourmet ételeket. Spa és wellness szolgáltatások fenntartható módon működnek. A személyzet professzionális és barátságos, segít a fenntartható programok és helyi élmények felfedezésében. Ideális luxus fenntartható tartózkodásokhoz, pároknak és családoknak.', 'img/okoutjaink kepek/kohlanta.jpg', 45500.00, 0),
(55, 1, 11, 'Phuket', 'Green Bamboo Resort', 3, 'Fenntartható resort bambusz építészettel. Kényelmes, világos szobák természetes anyagokból. Étkezés organikus és helyi alapanyagokból. A személyzet segít a fenntartható életmód és helyi programok felfedezésében. Ideális pároknak, családoknak és természetkedvelőknek. A resort öko-koncepciója biztosítja a nyugodt és autentikus pihenést.', 'img/okoutjaink kepek/greenbamboo.jpg', 26000.00, 0),
(56, 1, 11, 'Chiang Rai', 'Treehouse Chiang Rai', 4, 'Faépítésű öko-lodge, helyi közösséggel együttműködve. Kényelmes, természetes anyagokból berendezett szobák. Étkezés organikus, helyi alapanyagokból történik. A személyzet segíti a fenntartható életmód és a helyi programok felfedezését. Ideális természetkedvelőknek, családoknak és romantikus tartózkodásokhoz. A lodge öko-koncepciója garantálja a nyugodt és élményszerű pihenést.', 'img/okoutjaink kepek/treehouse.jpg', 30000.00, 0),
(57, 1, 12, 'Marrakech', 'Eco Riad Marrakech', 4, 'Fenntartható városi szállás, helyi kézműves termékekkel és autentikus marokkói hangulattal. Kényelmes, világos szobák természetes anyagokból berendezve, energiatakarékos megoldásokkal. Étterem organikus és helyi alapanyagokból kínál ételeket. A személyzet segíti a fenntartható életmód és a helyi kultúra felfedezését. Ideális pároknak, családoknak és városi környezetet kedvelő utazóknak. A riad öko-koncepciója nyugodt és autentikus marokkói élményt biztosít.', 'img/okoutjaink kepek/ecoriad.jpg', 45500.00, 0),
(58, 1, 12, 'Atlas-hegység', 'Atlas Green Lodge', 3, 'Öko-lodge természetközeli élménnyel, a helyi ökoszisztéma tiszteletével. Kényelmes, faépítésű szobák energiatakarékos megoldásokkal. Étkezési lehetőségek organikus, helyi alapanyagokból. A személyzet barátságos és segítőkész, támogatja a fenntartható életmód és a helyi programok felfedezését. Ideális természetkedvelőknek, pároknak és romantikus tartózkodásokhoz. A lodge környezetbarát kialakítása nyugodt pihenést biztosít.', 'img/okoutjaink kepek/atlasgreen.jpg', 30000.00, 0),
(59, 1, 12, 'Merzouga', 'Sahara Eco Camp', 5, 'Luxus sivatagi tábor fenntartható módon. Elegáns, modern szobák természetes anyagokból, energiatakarékos megoldásokkal. Étterem organikus, helyi alapanyagokból kínál gourmet ételeket. A személyzet professzionális és segítőkész, a fenntartható programok és helyi élmények felfedezésében is támogatást nyújt. Ideális luxus fenntartható tartózkodásokhoz, pároknak és családoknak. A tábor öko-koncepciója garantálja a zavartalan és autentikus sivatagi élményt.', 'img/okoutjaink kepek/ecocamp.jpg', 57550.00, 0),
(60, 1, 12, 'Ouarzazate', 'Kasbah Eco Retreat', 4, 'Öko-kasbah, a helyi kultúra tiszteletével. Kényelmes, világos szobák természetes anyagokból berendezve. Étterem organikus és helyi alapanyagokból kínál ételeket. Spa és közösségi terek fenntartható módon működnek. A személyzet segíti a fenntartható életmód és a helyi programok felfedezését. Ideális pároknak, családoknak és természetkedvelőknek. A kasbah öko-koncepciója biztosítja a nyugodt és autentikus tartózkodást.', 'img/okoutjaink kepek/kasbah.jpg', 37000.00, 0),
(61, 1, 13, 'Valletta', 'Eco Guesthouse', 3, 'Fenntartható városi vendégház zöld kezdeményezésekkel. Kényelmes, világos szobák természetes anyagokból. Étkezés organikus és helyi alapanyagokból. A személyzet barátságos, segíti a fenntartható életmód és a helyi programok felfedezését. Ideális rövid tartózkodásokhoz, pároknak és városi turistáknak. A vendégház öko-koncepciója nyugodt és autentikus élményt biztosít.', 'img/okoutjaink kepek/guesthouse.jpg', 38500.00, 0),
(62, 1, 13, 'St. Paul’s Bay', 'Green Bay Hotel', 4, 'Öko-hotel tengerparti elhelyezkedéssel. Kényelmes szobák természetes anyagokból berendezve. Étterem organikus és helyi alapanyagokból kínál ételeket. Wellness és közösségi terek fenntartható módon működnek. A személyzet barátságos és segítőkész, a fenntartható programok megszervezésében is támogat. Ideális pároknak, családoknak és tengerparti üdülést kereső utazóknak. A hotel zöld kialakítása garantálja a nyugodt pihenést.', 'img/okoutjaink kepek/greenbay.jpg', 46000.00, 0),
(63, 1, 13, 'Gozo', 'Eco Resort Malta', 5, 'Luxus fenntartható üdülőhely. Elegáns, modern szobák természetes anyagokból, energiatakarékos megoldásokkal. Étterem organikus és helyi alapanyagokból kínál gourmet ételeket. Spa és wellness szolgáltatások fenntartható módon működnek. A személyzet professzionális, a fenntartható programok és helyi élmények felfedezését is segíti. Ideális luxus fenntartható tartózkodásokhoz, pároknak és családoknak. A resort öko-koncepciója garantálja a zavartalan pihenést.', 'img/okoutjaink kepek/ecoresort.jpg', 58500.00, 0),
(64, 1, 13, 'Mdina', 'Sustainable Stay', 4, 'Öko-szállás történelmi környezetben. Kényelmes, világos szobák természetes anyagokból berendezve. Étkezés organikus és helyi alapanyagokból történik. A személyzet barátságos és segítőkész, segíti a fenntartható életmód és a helyi kultúra felfedezését. Ideális pároknak, romantikus tartózkodásokhoz és történelmi környezetet kedvelő utazóknak. A szálloda öko-koncepciója biztosítja a nyugodt és élményszerű tartózkodást.', 'img/okoutjaink kepek/Sustainable.jpg', 44000.00, 0),
(65, 1, 14, 'Porto', 'Quinta da Azenha', 4, 'Öko-lodge organikus farmmal. Kényelmes szobák természetes anyagokból, energiatakarékos berendezéssel. Étkezés organikus és helyi alapanyagokból történik. A személyzet segíti a fenntartható életmód és a helyi kultúra felfedezését. Ideális pároknak, családoknak és természetkedvelőknek. A lodge öko-koncepciója nyugodt és autentikus élményt biztosít.', 'img/okoutjaink kepek/quintade.jpg', 52000.00, 0),
(66, 1, 14, 'Lagos', 'Eco Retreat Algarve', 5, 'Luxus fenntartható üdülőhely tengerparton. Elegáns, modern szobák természetes anyagokból, energiatakarékos megoldásokkal. Étterem organikus és helyi alapanyagokból kínál gourmet ételeket. Spa és wellness szolgáltatások fenntartható módon működnek. A személyzet professzionális és barátságos, a fenntartható programok és helyi élmények felfedezését is segíti. Ideális luxus fenntartható tartózkodásokhoz, pároknak és családoknak. A resort öko-koncepciója garantálja a nyugodt pihenést.', 'img/okoutjaink kepek/ecoretreat.jpg', 59500.00, 0),
(67, 1, 14, 'Lisszabon', 'Green Stay Lisbon', 3, 'Városi öko-szállás helyi termékekkel. Kényelmes, világos szobák természetes anyagokból berendezve. Étkezés organikus és helyi alapanyagokból történik. A személyzet barátságos, a fenntartható életmód és a városi programok felfedezését segíti. Ideális rövid tartózkodásokhoz, pároknak és üzleti turistáknak. A hotel öko-koncepciója nyugodt és élményszerű városi tartózkodást biztosít.', 'img/okoutjaink kepek/greenstay.jpg', 38550.00, 0),
(68, 1, 14, 'Madeira', 'Solar Eco Lodge', 4, 'Öko-lodge hegyvidéki környezetben. Kényelmes, világos szobák természetes anyagokból berendezve. Étkezés organikus és helyi alapanyagokból. Spa és közösségi terek fenntartható módon működnek. A személyzet barátságos és segítőkész, támogatja a fenntartható életmód és a helyi programok felfedezését. Ideális pároknak, családoknak és természetkedvelőknek. A lodge öko-koncepciója garantálja a nyugodt és autentikus tartózkodást.', 'img/okoutjaink kepek/solareco.jpg', 58000.00, 0),
(69, 1, 15, 'Prága', 'Eco Penzion Prague', 3, 'Fenntartható vendégház a város szívében. Kényelmes, világos szobák természetes anyagokból berendezve, energiatakarékos megoldásokkal. Étkezés organikus és helyi alapanyagokból történik. A személyzet barátságos és segítőkész, támogatja a fenntartható életmód és a helyi programok felfedezését. Ideális rövid városi tartózkodásokhoz, pároknak és üzleti utazóknak. A vendégház öko-koncepciója nyugodt és autentikus élményt biztosít.', 'img/okoutjaink kepek/ecopenzion.jpg', 38000.00, 0),
(70, 1, 15, 'Brno', 'Green Hotel Brno', 4, 'Öko-hotel helyi termékekkel és fenntartható megoldásokkal. Kényelmes, modern szobák természetes anyagokból. Étterem organikus és helyi alapanyagokból kínál ételeket. Wellness és közösségi terek fenntarthatóan működnek. A személyzet segíti a fenntartható életmód és a helyi kultúra felfedezését. Ideális pároknak, családoknak és üzleti utazóknak. A hotel öko-koncepciója nyugodt és élményszerű tartózkodást biztosít.', 'img/okoutjaink kepek/hotelbrno.jpg', 42000.00, 0),
(71, 1, 15, 'Český Krumlov', 'Bohemian Eco Lodge', 5, 'Luxus öko-lodge történelmi környezetben. Elegáns, modern szobák természetes anyagokból, energiatakarékos berendezéssel. Étterem organikus és helyi alapanyagokból kínál gourmet ételeket. Spa és wellness szolgáltatások fenntartható módon működnek. A személyzet professzionális és barátságos, a fenntartható programok és helyi élmények felfedezését is támogatja. Ideális luxus tartózkodásokhoz, pároknak és családoknak. A lodge öko-koncepciója garantálja a nyugodt és autentikus élményt.', 'img/okoutjaink kepek/bohemian.jpg', 51000.00, 0),
(72, 1, 15, 'Karlovy Vary', 'Eco Stay Karlovy Vary', 4, 'Öko-vendégház fenntartható szolgáltatásokkal. Kényelmes szobák természetes anyagokból berendezve. Étkezés organikus és helyi alapanyagokból történik. A személyzet segít a fenntartható életmód és a helyi programok felfedezésében. Ideális pároknak, családoknak és romantikus tartózkodásokhoz. A vendégház öko-koncepciója biztosítja a nyugodt és élményszerű tartózkodást.', 'img/okoutjaink kepek/karlovyvary.jpg', 44000.00, 0),
(73, 1, 16, 'Berlin', 'Biohotel Gutshof', 4, 'Fenntartható hotel városi környezetben. Kényelmes, világos szobák természetes anyagokból berendezve, energiatakarékos megoldásokkal. Étkezés organikus és helyi alapanyagokból történik. Wellness és közösségi terek fenntartható módon működnek. A személyzet barátságos és professzionális, segíti a fenntartható életmód és a városi programok felfedezését. Ideális pároknak, családoknak és üzleti utazóknak. A hotel öko-koncepciója garantálja a nyugodt és élményszerű tartózkodást.', 'img/okoutjaink kepek/biohotel.jpg', 48000.00, 0),
(74, 1, 16, 'Bajorország', 'Eco Lodge Bavaria', 5, 'Luxus öko-lodge a természetben. Elegáns, modern szobák természetes anyagokból, energiatakarékos berendezéssel. Étterem organikus és helyi alapanyagokból kínál gourmet ételeket. Spa és wellness szolgáltatások fenntartható módon működnek. A személyzet professzionális és segítőkész, a fenntartható programok és helyi élmények felfedezését is támogatja. Ideális luxus tartózkodásokhoz, pároknak és családoknak. A lodge öko-koncepciója garantálja a zavartalan és autentikus élményt.', 'img/okoutjaink kepek/lodgebavaria.jpg', 52000.00, 0),
(75, 1, 16, 'Hamburg', 'Green Stay Hamburg', 3, 'Városi öko-szállás helyi termékekkel. Kényelmes szobák természetes anyagokból, energiatakarékos berendezéssel. Étkezés organikus és helyi alapanyagokból történik. A személyzet barátságos, támogatja a fenntartható életmód és a helyi programok felfedezését. Ideális rövid városi tartózkodásokhoz, pároknak és üzleti turistáknak. A szálloda öko-koncepciója nyugodt és élményszerű városi tartózkodást biztosít.', 'img/okoutjaink kepek/greenstayhamburg.jpg', 36500.00, 0),
(76, 1, 16, 'München', 'Nachhaltig Hotel München', 4, 'Öko-hotel fenntartható energiamegoldásokkal. Kényelmes, világos szobák természetes anyagokból berendezve. Étterem organikus és helyi alapanyagokból kínál ételeket. Wellness és közösségi terek fenntartható módon működnek. A személyzet professzionális és segítőkész, a fenntartható programok és helyi élmények felfedezését is támogatja. Ideális pároknak, családoknak és üzleti utazóknak. A hotel öko-koncepciója garantálja a nyugodt és élményszerű tartózkodást.', 'img/okoutjaink kepek/machhalting.jpg', 43000.00, 0),
(77, 0, 3, 'Granada', 'Parador de Granada', 4, 'A Parador de Granada egyedülálló történelmi szállás az Alhambra területén, amely ötvözi a múltat a modern kényelemmel. A szobák elegánsak és tágasak, panorámás teraszról csodálható a kert látványa. A hotel étterme autentikus spanyol fogásokat kínál, míg a lounge és a bárok elegáns környezete a pihenést szolgálja. A szálloda wellness szolgáltatásokat is biztosít, a barátságos személyzet pedig segít a programok megszervezésében. Ideális választás történelmi hangulatban való pihenésre és kulturális élményekre. A vendégek értékelik a nyugodt légkört, a kényelmes bútorokat és a stílusos belső tereket. Különösen ajánlott pároknak és egyéni utazóknak, akik autentikus spanyol élményekre vágynak.', 'img/utjaink kepek/parador.jpg', 32000.00, 0),
(78, 0, 3, 'Barcelona', 'Casa Camper', 3, 'Modern butikhotel a Rambla közelében, tetőtéri pihenővel. A szobák világosak és praktikusak, a design fiatalos és barátságos. A közösségi terek, a lounge és a tetőtéri terasz kellemes pihenést kínálnak. A szálloda közelében számos étterem, kávézó és városi látnivaló található. Ideális városi felfedezőknek, pároknak és fiatal utazóknak. A személyzet segít a programok megszervezésében, így zavartalan a tartózkodás.', 'img/utjaink kepek/casa.jpg', 10000.00, 0),
(79, 0, 3, 'Madrid', 'Hotel Ritz', 5, 'A Hotel Ritz klasszikus luxust kínál a Prado Múzeum mellett. Elegáns szobák és lakosztályok prémium bútorokkal, légkondicionálóval és modern fürdőszobával. Az étterem gourmet élményeket nyújt, a bár és a lounge pedig elegáns kikapcsolódást biztosít. Spa és fitnesz szolgáltatások állnak rendelkezésre, a concierge pedig a vendégek kényelmét szolgálja. Ideális választás romantikus, üzleti vagy városi tartózkodásokhoz. A vendégek értékelik a történelmi hangulatot és a professzionális szolgáltatásokat.', 'img/utjaink kepek/ritzmadrid.jpg', 24000.00, 0),
(80, 0, 3, 'Málaga', 'Barceló Malaga', 4, 'Modern szálloda kényelmes, világos szobákkal, amelyek minden igényt kielégítenek. Tetőtéri medence és lounge biztosítja a pihenést, a panorámás kilátással a városra. Az étterem változatos ételeket kínál, a bárok pedig elegáns kikapcsolódást biztosítanak. A szálloda központi fekvése révén könnyen elérhetők a város főbb látnivalói és bevásárlóhelyei. Barátságos személyzet és szolgáltatások biztosítják a zavartalan tartózkodást. Ideális pároknak, családoknak és városi turistáknak egyaránt.', 'img/utjaink kepek/barcelo.jpg', 19000.00, 0),
(81, 0, 4, 'Bécs', 'Hotel Sacher Wien', 5, 'Világhírű luxus szálloda a Staatsoper mellett. Klasszikus stílusú szobák, elegáns bútorok és prémium szolgáltatások biztosítják a kényelmet. A híres Sacher-torta és az étterem autentikus bécsi élményt nyújt. Spa és wellness részleg, fitnesz, valamint concierge szolgáltatás a vendégek kényelmét szolgálja. Ideális romantikus, üzleti és kulturális tartózkodásra. A szálloda elegáns társalgói és lounge területei a pihenést biztosítják. Barátságos személyzet, luxus szolgáltatások és központi elhelyezkedés teszik felejthetetlenné a tartózkodást.', 'img/utjaink kepek/sacherwien.jpg', 33000.00, 0),
(82, 0, 4, 'Tirol', 'Alpbach Lodge Chalet Resort', 4, 'Hangulatos alpesi faházak hegyi panorámával. Minden chalet modern felszereltséggel rendelkezik, kényelmes bútorokkal és saját fürdőszobával. A wellness részleg jakuzzival, szaunával és masszázs szolgáltatásokkal áll a vendégek rendelkezésére. Síelési és túrázási lehetőségek közvetlenül a szállás mellett. Ideális pároknak, családoknak és természetkedvelő utazóknak. Barátságos személyzet és tágas közösségi terek teszik felejthetetlenné az élményt.', 'img/utjaink kepek/alpbach.jpg', 25000.00, 0),
(83, 0, 4, 'Salzburg', 'Austria Trend Hotel Europa', 4, 'Központi elhelyezkedésű szálloda, kényelmes, modern szobákkal. Wellness, étterem és barátságos szolgáltatások biztosítják a teljes kikapcsolódást. A város főbb látnivalói könnyen elérhetők. Ideális üzleti utazóknak és városi turistáknak. A szálloda világos és tágas közösségi tereket kínál. Kényelmes szobák, professzionális személyzet és praktikus szolgáltatások biztosítják a zavartalan tartózkodást.', 'img/utjaink kepek/trendhotel.jpg', 27000.00, 0),
(84, 0, 4, 'Salzburg', 'Hotel Goldener Hirsch', 5, 'Történelmi hangulat a híres Getreidegassén. Klasszikusan berendezett szobák, tradicionális étterem és elegáns bár biztosítják a luxus élményt. Spa és wellness részleg a vendégek kényelmét szolgálja. Ideális a kultúra és luxus iránt érdeklődő vendégeknek. Barátságos személyzet és gondosan kialakított belső terek teszik felejthetetlenné a tartózkodást. Központi elhelyezkedése révén könnyen elérhetők a város látnivalói és üzletei.', 'img/utjaink kepek/goldenerhirsch.jpg', 98000.00, 0),
(89, 0, 5, 'Párizs', 'Hotel Le Meurice', 5, 'Ikonikus luxushotel a Louvre közelében, elegáns stílusban. Tágas, ízlésesen berendezett szobák légkondicionálóval és prémium szolgáltatásokkal várják a vendégeket. A Michelin-csillagos étterem páratlan gasztronómiai élményt nyújt, a bár és lounge pedig a pihenést szolgálja. Spa és wellness részleg segíti a teljes kikapcsolódást. A személyzet professzionális és segítőkész, városi programok megszervezésében is. Ideális választás üzleti és romantikus tartózkodásokhoz. A hotel eleganciája és történelmi hangulata felejthetetlenné teszi a látogatást.', 'img/utjaink kepek/hotellemeurice.jpg', 22500.00, 0),
(90, 0, 5, 'Nizza', 'Hotel Mercure Centre', 4, 'Modern szálloda a tengerpart közelében, kényelmes szobákkal. Étterem és bár szolgálja a vendégek kényelmét, a wellness részleg pedig a pihenést. A központi elhelyezkedés révén a város főbb látnivalói és üzletei könnyen elérhetők. Barátságos személyzet és praktikus szolgáltatások biztosítják a zavartalan tartózkodást. Ideális pároknak, családoknak és városi turistáknak.', 'img/utjaink kepek/mercurecentre.jpg', 26300.00, 0),
(91, 0, 5, 'Lyon', 'Ibis Styles', 3, 'Fiatalos és modern szállás, családbarát árakkal. Kényelmes, világos szobák várják a vendégeket. A közösségi terek, étterem és lounge kényelmes pihenést biztosítanak. Praktikus elhelyezkedés, közel a város látnivalóihoz. Ideális rövid tartózkodásokhoz, családoknak és fiatal utazóknak.', 'img/utjaink kepek/ibisstyles.jpg', 12500.00, 0),
(92, 0, 5, 'Marseille', 'InterContinental Marseille – Hotel Dieu', 5, 'Történelmi épületből kialakított luxushotel, panorámás kilátással. Elegáns, tágas szobák légkondicionálóval és prémium bútorokkal. Éttermek és bárok a gasztronómiai élményt szolgálják, spa és wellness részleg biztosítja a teljes kikapcsolódást. Concierge szolgáltatás segíti a vendégeket, a város főbb látnivalói könnyen elérhetők. Ideális romantikus és üzleti tartózkodásokhoz. A hotel eleganciája és történelmi hangulata felejthetetlenné teszi a tartózkodást.', 'img/utjaink kepek/InterContinental.jpg', 38000.00, 0),
(93, 0, 6, 'Athén', 'Electra Palace', 5, 'Luxus szálloda a Plaka negyedben, lenyűgöző kilátással az Akropoliszra. Tágas, elegánsan berendezett szobák légkondicionálóval és prémium felszereltséggel rendelkeznek. Tetőtéri medence és bár kínálja a tökéletes pihenést, miközben a város panorámája elbűvölő. Spa és wellness szolgáltatások állnak rendelkezésre, beleértve masszázst és szaunát. A hotel étterme a görög és nemzetközi konyha remekeit kínálja. A személyzet barátságos és segítőkész, a programok megszervezésében is támogatást nyújt. Ideális választás pároknak, családoknak és üzleti utazóknak.', 'img/utjaink kepek/electrapalace.jpg', 22680.00, 0),
(94, 0, 6, 'Kréta', 'Blue Palace Resort', 5, 'Tengerparti luxusresort privát stranddal és több medencével. A szobák és villák modern eleganciát kínálnak, tágas terekkel és panorámás kilátással. Spa, wellness és fitnesz szolgáltatások segítik a teljes kikapcsolódást. A hotel éttermei helyi és nemzetközi ízeket kínálnak, a bárok pedig elegáns pihenést biztosítanak. A személyzet barátságos és profi, a vendégek kényelmét szolgálja. Ideális pároknak, családoknak és azoknak, akik a luxus és a tengerparti élet kombinációját keresik.', 'img/utjaink kepek/bluepalace.jpg', 34500.00, 0),
(95, 0, 6, 'Santorini', 'Hotel Aegeon', 3, 'Barátságos családi hotel fehérre meszelt falakkal és kék kupolákkal. Kényelmes szobák, világos berendezéssel és terasszal rendelkeznek. A szálloda központi fekvése közel a strandhoz és a helyi éttermekhez. A személyzet vendégszerető és segítőkész. Ideális családoknak, pároknak és nyugodt pihenésre vágyóknak. A szállás autentikus görög hangulatot kínál barátságos légkörben.', 'img/utjaink kepek/hotelaegeon.jpg', 21899.00, 0),
(96, 0, 6, 'Thesszaloniki', 'Makedonia Palace', 4, 'Elegáns városi szállás tengerparti sétány mellett. Tágas, modern szobák prémium felszereltséggel várják a vendégeket. Spa és wellness szolgáltatások segítik a teljes kikapcsolódást, a medencék pedig felfrissülést nyújtanak. Az éttermek helyi és nemzetközi ízeket kínálnak, a bárok pihentető élményt biztosítanak. A személyzet barátságos és professzionális, a város felfedezésében segít. Ideális romantikus tartózkodásokhoz, családoknak és városi turistáknak.', 'img/utjaink kepek/makedoniapalace.jpg', 25250.00, 0),
(97, 0, 7, 'Dubrovnik', 'Hotel Dubrovnik Palace', 5, 'Közvetlen tengerparti luxusszálloda panorámás kilátással a tengerre és a városra. A szobák modern eleganciát kínálnak, légkondicionálóval és prémium berendezéssel felszerelve. A wellness részleg medencékkel, szaunával és masszázs szolgáltatásokkal várja a vendégeket. Az éttermek a helyi és nemzetközi konyha remekeit kínálják, a bárok elegáns pihenést biztosítanak. A személyzet barátságos és professzionális, a programok megszervezésében is segít. Ideális választás romantikus tartózkodásokhoz, családoknak és luxus pihenésre vágyóknak.', 'img/utjaink kepek/dubrovnik.jpg', 29000.00, 0),
(98, 0, 7, 'Poreč', 'Valamar Club', 3, 'Családbarát üdülő animációs programokkal és közeli stranddal. Kényelmes, praktikus szobák várják a vendégeket, modern berendezéssel. A medencék és a közösségi terek aktív kikapcsolódást biztosítanak minden korosztálynak. A személyzet barátságos, segítőkész, külön figyelmet fordítva a gyermekekre. Éttermek és bárok változatos étkezési lehetőségeket kínálnak. Ideális családoknak, gyermekes pároknak és rövid nyaralásokhoz.', 'img/utjaink kepek/valamar.jpg', 8999.00, 0),
(99, 0, 7, 'Zágráb', 'Esplanade Zagreb Hotel', 5, 'Történelmi elegancia, modern kényelmi szolgáltatásokkal. Luxusszobák, éttermek, spa és wellness részleg várja a vendégeket. A központi elhelyezkedés révén a város főbb látnivalói könnyen elérhetők. A személyzet professzionális és barátságos, a programok megszervezésében segít. Ideális üzleti és romantikus tartózkodásokhoz. Az éttermek gourmet élményt kínálnak, a bárok elegáns pihenést biztosítanak. A hotel társalgói és közösségi terei a kényelmet szolgálják.', 'img/utjaink kepek/esplanade.jpg', 28650.00, 0);
INSERT INTO `trips` (`id`, `type`, `country_id`, `city`, `hotel_name`, `stars`, `long_description`, `image_url`, `price`, `available`) VALUES
(100, 0, 7, 'Šibenik', 'Amadria Park Hotel', 4, 'Vízi élménypark és tengerparti szórakozás egy helyen. Modern, tágas szobák prémium felszereltséggel várják a vendégeket. Medencék, wellness és fitnesz szolgáltatások gondoskodnak a teljes kikapcsolódásról. Éttermek és bárok változatos ízeket kínálnak. A személyzet barátságos és segítőkész, a programok megszervezésében is támogatást nyújt. Ideális családoknak, aktív kikapcsolódásra vágyóknak és romantikus nyaralásokhoz.', 'img/utjaink kepek/amadria.jpg', 31750.00, 0),
(101, 0, 8, 'Isztambul', 'Swissôtel The Bosphorus', 5, 'Luxus szálloda panorámás kilátással a Boszporuszra. Tágas, elegánsan berendezett szobák légkondicionálóval és prémium szolgáltatásokkal. Spa és wellness részleg masszázzsal, szaunával és medencével várja a vendégeket. Éttermek és bárok a gasztronómiai élményt szolgálják. A személyzet professzionális és barátságos, a programok megszervezésében is segít. Ideális romantikus, üzleti vagy családi tartózkodásokhoz. A szálloda eleganciája és panorámája felejthetetlenné teszi a tartózkodást.', 'img/utjaink kepek/swissotel.jpg', 33000.00, 0),
(102, 0, 8, 'Isztambul', 'Hotel Uyan', 3, 'Hangulatos, családias hotel a Hagia Sophia közelében. Kényelmes, világos szobák várják a vendégeket, barátságos légkörrel. A központi elhelyezkedés révén a város főbb látnivalói könnyen elérhetők. A személyzet vendégszerető és segítőkész, az utazás megszervezésében is támogatást nyújt. Ideális rövid tartózkodásokhoz, pároknak és családoknak. A hotel egyszerű, de kényelmes berendezése nyugodt pihenést biztosít.', 'img/utjaink kepek/hoteluyan.jpg', 42000.00, 0),
(103, 0, 8, 'Antalya', 'Liberty Hotels Lara', 5, 'Tengerparti luxusresort minden igényt kielégítő szolgáltatásokkal. Elegáns szobák, wellness, medencék, spa és fitnesz biztosítják a teljes kikapcsolódást. Éttermek és bárok változatos kulináris élményt kínálnak. A személyzet professzionális és barátságos, a programok megszervezésében is segít. Ideális családoknak, pároknak és aktív pihenésre vágyóknak. A resort privát strandot is kínál a zavartalan pihenéshez.', 'img/utjaink kepek/liberty.jpg', 28000.00, 0),
(104, 0, 8, 'Antalya', 'Akra Hotel', 4, 'Városi szálloda tengerparti fekvéssel. Modern, kényelmes szobák, étterem és wellness szolgáltatások állnak rendelkezésre. Medence és fitnesz terem biztosítja a vendégek aktív kikapcsolódását. A személyzet barátságos és segítőkész, a városi programok megszervezésében is támogatást nyújt. Központi elhelyezkedésének köszönhetően a főbb látnivalók könnyen elérhetők. Ideális pároknak, családoknak és üzleti utazóknak egyaránt.', 'img/utjaink kepek/akra.jpg', 29000.00, 0),
(105, 0, 9, 'Luxor', 'Steigenberger Nile Palace', 5, 'Luxus szálloda a Nílus partján, panorámás kilátással a folyóra. Tágas, elegáns szobák modern felszereltséggel és légkondicionálóval rendelkeznek. A wellness részleg masszázzsal, szaunával és medencével várja a vendégeket. Éttermek és bárok változatos kulináris élményt kínálnak, a helyi és nemzetközi ízek remekeivel. A személyzet professzionális és barátságos, a programok megszervezésében is segít. Ideális romantikus, családi és kulturális utazásokhoz. A szálloda tágas társalgói és közösségi terei a kényelmet szolgálják.', 'img/utjaink kepek/steigenberger.jpg', 34660.00, 0),
(106, 0, 9, 'Alexandria', 'Hilton Alexandria Corniche', 5, 'Modern szálloda saját stranddal és tetőtéri bárral. A szobák tágasak, légkondicionáltak és modern berendezésűek. A wellness részleg és a medencék a teljes kikapcsolódást szolgálják. Éttermek és bárok változatos ízeket kínálnak. Barátságos és segítőkész személyzet gondoskodik a vendégek kényelméről. Közvetlen tengerparti elhelyezkedésével ideális romantikus, családi és üzleti tartózkodásokhoz. A szálloda eleganciája és szolgáltatásai felejthetetlenné teszik az itt töltött időt.', 'img/utjaink kepek/hilton.jpg', 28500.00, 0),
(107, 0, 9, 'Sharm El Sheikh', 'Jolie Ville Resort', 4, 'Tengerparti üdülőhely saját korallzátonnyal. Kényelmes, világos szobák várják a vendégeket, modern felszereltséggel. Medencék, wellness és fitnesz szolgáltatások biztosítják a teljes kikapcsolódást. Éttermek és bárok változatos kulináris élményeket kínálnak. A személyzet barátságos és segítőkész, a programok megszervezésében is támogatást nyújt. Ideális családoknak, pároknak és búvárkodásra, vízi sportokra vágyóknak.', 'img/utjaink kepek/jolie.jpg', 22000.00, 0),
(108, 0, 9, 'Hurghada', 'Mercure Hotel', 3, 'Kedvező árú szállás közvetlenül a tengerparton. Kényelmes, egyszerűen berendezett szobák várják a vendégeket. A medence és a közösségi terek aktív kikapcsolódást biztosítanak. A személyzet barátságos és segítőkész. Étterem és bár áll rendelkezésre, változatos étkezési lehetőségekkel. Ideális családoknak, pároknak és rövid tengerparti pihenésekhez.', 'img/utjaink kepek/mercure.jpg', 16890.00, 0),
(109, 0, 10, 'Dubaj', 'Burj Al Arab Jumeirah', 5, 'Ikonikus vitorla alakú luxushotel privát stranddal. Elegáns, tágas szobák prémium berendezéssel és panorámás kilátással várják a vendégeket. Spa és wellness részleg, medencék és fitnesz szolgáltatások biztosítják a teljes kikapcsolódást. Éttermek és bárok exkluzív kulináris élményt kínálnak. A személyzet professzionális és segítőkész, minden igényt kielégít. Ideális romantikus, családi és luxus utazásokhoz. A hotel eleganciája és ikonikus kialakítása felejthetetlenné teszi a tartózkodást.', 'img/utjaink kepek/burj.jpg', 48000.00, 0),
(110, 0, 10, 'Dubaj', 'Atlantis The Palm', 4, 'Élményparkkal és akváriummal rendelkező családbarát resort. Kényelmes, modern szobák légkondicionálóval és panorámás kilátással. Medencék, vízi csúszdák és wellness szolgáltatások gondoskodnak a teljes kikapcsolódásról. Éttermek és bárok változatos kulináris élményt kínálnak. A személyzet barátságos és profi, a programok megszervezésében is segít. Ideális családoknak, pároknak és aktív kikapcsolódásra vágyóknak.', 'img/utjaink kepek/atlantis.jpg', 45000.00, 0),
(111, 0, 10, 'Dubaj', 'Rove Downtown', 3, 'Modern, megfizethető hotel a Burj Khalifa közelében. Kényelmes, világos szobák praktikus berendezéssel várják a vendégeket. A közösségi terek, étterem és lounge kényelmes pihenést biztosítanak. Barátságos személyzet és jó elhelyezkedés a városi felfedezéshez. Ideális fiatal utazóknak, pároknak és rövid tartózkodásokhoz. A szálloda modern stílusa és kényelme garantálja a zavartalan pihenést.', 'img/utjaink kepek/rove.jpg', 32200.00, 0),
(112, 0, 10, 'Dubaj', 'Jumeirah Beach Hotel', 5, 'Tengerparti luxusresort vízi élményekkel és prémium szolgáltatásokkal. Elegáns, tágas szobák, medencék, spa és fitnesz biztosítják a teljes kikapcsolódást. Éttermek és bárok változatos kulináris élményt kínálnak. Privát strand és vízi sport lehetőségek teszik különlegessé a nyaralást. A személyzet professzionális és segítőkész. Ideális családoknak, pároknak és romantikus tartózkodásokhoz. A hotel stílusa és szolgáltatásai garantálják a felejthetetlen élményt.', 'img/utjaink kepek/jumeirah.jpg', 58000.00, 0),
(113, 0, 11, 'Bangkok', 'Mandarin Oriental', 5, 'Ázsiai luxus a Chao Phraya partján. Elegáns, tágas szobák, modern berendezéssel és panorámás kilátással. Spa és wellness részleg masszázzsal, szaunával és medencével biztosítja a teljes kikapcsolódást. Éttermek és bárok autentikus thai és nemzetközi konyhával várják a vendégeket. A személyzet barátságos és professzionális, a programok megszervezésében is segít. Ideális romantikus, üzleti és családi tartózkodásokhoz. A szálloda eleganciája és nyugodt légköre felejthetetlenné teszi a tartózkodást.', 'img/utjaink kepek/mandarin.jpg', 45000.00, 0),
(114, 0, 11, 'Phuket', 'Amari Phuket', 4, 'Tengerparti szálloda saját öbölben, modern és kényelmes szobákkal. Wellness, medencék és fitnesz szolgáltatások biztosítják a teljes kikapcsolódást. Éttermek és bárok változatos kulináris élményt kínálnak. A személyzet barátságos és segítőkész, a programok megszervezésében is támogatást nyújt. Ideális pároknak, családoknak és aktív kikapcsolódásra vágyóknak. Privát strand biztosítja a zavartalan pihenést.', 'img/utjaink kepek/amari.jpg', 28700.00, 0),
(115, 0, 11, 'Phuket', 'Lub d Phuket Patong', 3, 'Fiatalos, modern szállás központi elhelyezkedéssel. Kényelmes, világos szobák és közösségi terek várják a vendégeket. Étterem, bár és közösségi terek kényelmes pihenést biztosítanak. Barátságos személyzet és praktikus szolgáltatások garantálják a zavartalan tartózkodást. Ideális fiatal utazóknak, pároknak és rövid tartózkodásokhoz. A szálloda modern stílusa és elhelyezkedése kiváló városi és tengerparti programokhoz.', 'img/utjaink kepek/lubd.jpg', 18000.00, 0),
(116, 0, 11, 'Koh Samui', 'SALA Samui Choengmon Beach Resort', 5, 'Privát villák és medencék a tengerparton. Elegáns és tágas szállások, panorámás kilátással és prémium berendezéssel. Wellness és spa szolgáltatások, medencék és privát strand biztosítják a teljes kikapcsolódást. Éttermek és bárok autentikus thai és nemzetközi ízeket kínálnak. A személyzet barátságos és professzionális, a programok megszervezésében is segít. Ideális romantikus tartózkodásokhoz, családoknak és nyugodt pihenésre vágyóknak. A szálloda hangulata és szolgáltatásai felejthetetlenné teszik a tartózkodást.', 'img/utjaink kepek/choengmon.jpg', 44800.00, 0),
(117, 0, 12, 'Marrakech', 'La Mamounia', 5, 'Legendás luxushotel pazar kerttel és marokkói hangulattal. Tágas, elegánsan berendezett szobák prémium felszereltséggel és légkondicionálóval rendelkeznek. A wellness részleg medencékkel, szaunával és masszázs szolgáltatásokkal várja a vendégeket. Éttermek és bárok autentikus marokkói és nemzetközi ízeket kínálnak. A személyzet barátságos és professzionális, a programok megszervezésében is támogatást nyújt. Ideális romantikus, családi és luxus tartózkodásokhoz. A szálloda eleganciája és különleges hangulata felejthetetlenné teszi a tartózkodást.', 'img/utjaink kepek/mamounia.jpg', 38500.00, 0),
(118, 0, 12, 'Marrakech', 'Riad Les Trois Palmiers', 4, 'Tradicionális riad modern kényelemmel. Kényelmes, világos szobák, autentikus marokkói dekorációval. A kert és a terasz ideális a pihenéshez és a hangulatos vacsorákhoz. Étterem autentikus helyi ételeket kínál, a bárok pihentető élményt biztosítanak. A személyzet barátságos és vendégszerető, a programok megszervezésében is segít. Ideális pároknak, családoknak és kulturális utazásokhoz. A szálloda tradicionális hangulata és modern kényelme garantálja a zavartalan pihenést.', 'img/utjaink kepek/riad.jpg', 42000.00, 0),
(119, 0, 12, 'Casablanca', 'Kenzi Tower Hotel', 5, 'Felhőkarcoló hotel lenyűgöző városi kilátással. Modern, tágas szobák prémium felszereltséggel várják a vendégeket. Éttermek és bárok változatos kulináris élményt kínálnak. Spa és wellness részleg a teljes kikapcsolódást szolgálja. A személyzet professzionális és barátságos, a programok megszervezésében is segít. Ideális üzleti, romantikus és városi tartózkodásokhoz. A hotel modern eleganciája és panorámája felejthetetlenné teszi a tartózkodást.', 'img/utjaink kepek/kenzi.jpg', 68000.00, 0),
(120, 0, 12, 'Casablanca', 'Hotel Central', 3, 'Egyszerű, de hangulatos városi szállás központi fekvéssel. Kényelmes, világos szobák várják a vendégeket. A közösségi terek, étterem és bár kényelmes pihenést biztosítanak. Barátságos személyzet és praktikus szolgáltatások garantálják a zavartalan tartózkodást. Ideális rövid városi tartózkodásokhoz, pároknak és üzleti utazóknak. A szálloda egyszerűsége és kényelme biztosítja a nyugodt pihenést.', 'img/utjaink kepek/hotelcentral.jpg', 36000.00, 0),
(121, 0, 13, 'Attard', 'Corinthia Palace Hotel', 5, 'Klasszikus luxus, központi fekvéssel és wellness szolgáltatásokkal. Elegáns, tágas szobák prémium berendezéssel és panorámás kilátással. Spa és wellness részleg medencékkel, szaunával és masszázs szolgáltatásokkal. Éttermek és bárok változatos kulináris élményt kínálnak. A személyzet barátságos és professzionális, a programok megszervezésében is segít. Ideális romantikus, családi és luxus tartózkodásokhoz. A szálloda eleganciája és szolgáltatásai felejthetetlenné teszik a tartózkodást.', 'img/utjaink kepek/corinthia.jpg', 52000.00, 0),
(122, 0, 13, 'Qawra', 'db San Antonio Hotel', 4, 'Családbarát resort medencékkel és programokkal. Kényelmes, világos szobák várják a vendégeket. Wellness és fitnesz szolgáltatások biztosítják a teljes kikapcsolódást. Éttermek és bárok változatos kulináris élményt kínálnak. A személyzet barátságos és segítőkész. Ideális családoknak, pároknak és aktív nyaralásokhoz. A privát terek és medencék garantálják a zavartalan pihenést.', 'img/utjaink kepek/sanantonio.jpg', 52000.00, 0),
(123, 0, 13, 'St. Julian’s', 'Hotel Juliani', 4, 'Stílusos butikhotel tengerparti kilátással. Kényelmes, modern szobák és lakosztályok várják a vendégeket. Éttermek és bárok változatos étkezési lehetőségeket kínálnak. A személyzet barátságos és profi, a programok megszervezésében is támogatást nyújt. Ideális pároknak, családoknak és romantikus tartózkodásokhoz. A szálloda hangulata és szolgáltatásai biztosítják a zavartalan pihenést.', 'img/utjaink kepek/hoteljuliani.jpg', 28400.00, 0),
(124, 0, 13, 'Sliema', 'Bayview Hotel', 3, 'Kedvező árú szálloda közvetlen tengerparti sétány mellett. Kényelmes, világos szobák várják a vendégeket. Étterem és bár áll rendelkezésre, változatos étkezési lehetőségekkel. Barátságos személyzet és praktikus szolgáltatások garantálják a zavartalan tartózkodást. Ideális rövid nyaralásokhoz, pároknak és fiatal utazóknak. A szálloda egyszerűsége és elhelyezkedése biztosítja a kényelmet és a könnyű városi közlekedést.', 'img/utjaink kepek/bayview.jpg', 48000.00, 0),
(125, 0, 14, 'Lisszabon', 'Pestana Palace', 5, 'Történelmi palota luxus szállásként, gyönyörű kerttel. Elegáns, tágas szobák prémium felszereltséggel várják a vendégeket. Spa és wellness részleg medencével, szaunával és masszázs szolgáltatásokkal biztosítja a teljes kikapcsolódást. Éttermek és bárok autentikus portugál és nemzetközi ízeket kínálnak. A személyzet barátságos és professzionális, a programok megszervezésében is segít. Ideális romantikus, családi és luxus tartózkodásokhoz. A szálloda eleganciája és történelmi hangulata felejthetetlenné teszi a tartózkodást.', 'img/utjaink kepek/pestana.jpg', 77200.00, 0),
(126, 0, 14, 'Lisszabon', 'Hotel da Baixa', 4, 'Modern városi hotel központi elhelyezkedéssel. Kényelmes, világos szobák várják a vendégeket. Étterem és bár szolgálja a vendégek kényelmét, wellness részleg biztosítja a pihenést. A személyzet barátságos és segítőkész, a városi programok megszervezésében is támogatást nyújt. Ideális pároknak, családoknak és városi turistáknak. Központi fekvése lehetővé teszi a főbb látnivalók gyors elérését.', 'img/utjaink kepek/hoteldabaixa.jpg', 62000.00, 0),
(127, 0, 14, 'Algarve', 'Tivoli Carvoeiro', 5, 'Szálloda a sziklás tengerparton, lélegzetelállító kilátással. Tágas, elegánsan berendezett szobák prémium felszereltséggel. Medencék, wellness és fitnesz szolgáltatások gondoskodnak a teljes kikapcsolódásról. Éttermek és bárok autentikus portugál és nemzetközi ízeket kínálnak. Barátságos és professzionális személyzet segít a programok megszervezésében. Ideális romantikus tartózkodásokhoz, családoknak és aktív pihenésre vágyóknak. A szálloda panorámája és szolgáltatásai garantálják a felejthetetlen élményt.', 'img/utjaink kepek/tivoli.jpg', 88000.00, 0),
(128, 0, 14, 'Algarve', 'Hotel Maritur', 3, 'Megfizethető árú, barátságos szállás medencével. Kényelmes, világos szobák várják a vendégeket. Étterem és bár változatos étkezési lehetőségeket kínál. A személyzet barátságos és segítőkész, a programok megszervezésében is támogatást nyújt. Ideális pároknak, családoknak és rövid tengerparti nyaralásokhoz. A szálloda egyszerűsége és kényelme biztosítja a zavartalan pihenést.', 'img/utjaink kepek/hotelmaritur.jpg', 44000.00, 0),
(129, 0, 15, 'Prága', 'Four Seasons Hotel', 5, 'Luxus szálloda a Moldva partján, történelmi környezetben. Elegáns, tágas szobák prémium berendezéssel és panorámás kilátással. Spa és wellness részleg, medencék és fitnesz szolgáltatások biztosítják a teljes kikapcsolódást. Éttermek és bárok autentikus cseh és nemzetközi ízeket kínálnak. A személyzet barátságos és professzionális, a programok megszervezésében is segít. Ideális romantikus, családi és üzleti tartózkodásokhoz. A hotel történelmi hangulata és szolgáltatásai garantálják a felejthetetlen élményt.', 'img/utjaink kepek/fourseasons.jpg', 51850.00, 0),
(130, 0, 15, 'Prága', 'Hotel Paris', 5, 'Art Nouveau stílusú elegáns szálloda a belvárosban. Tágas, stílusosan berendezett szobák várják a vendégeket. Éttermek és bárok változatos kulináris élményt kínálnak. Spa és wellness szolgáltatások biztosítják a pihenést. Barátságos és profi személyzet segíti a programok megszervezését. Ideális romantikus és üzleti tartózkodásokhoz. A szálloda történelmi hangulata és eleganciája garantálja a zavartalan pihenést.', 'img/utjaink kepek/hotelparis.jpg', 65000.00, 0),
(131, 0, 15, 'Prága', 'NH Collection', 4, 'Kényelmes szobák modern felszereltséggel, jó elhelyezkedéssel. Wellness részleg, étterem és bár áll rendelkezésre a vendégek kényelméért. A személyzet barátságos és segítőkész, a város felfedezésében is támogatást nyújt. Ideális pároknak, családoknak és üzleti utazásokhoz. Praktikus szolgáltatások és kényelmes közösségi terek biztosítják a zavartalan tartózkodást.', 'img/utjaink kepek/nhcollectionpraga.jpg', 32600.00, 0),
(132, 0, 15, 'Prága', 'Hotel Lunik', 3, 'Családias hangulatú, megfizethető szállás. Kényelmes, világos szobák várják a vendégeket. Étterem és bár biztosítja a változatos étkezési lehetőségeket. Barátságos személyzet és praktikus szolgáltatások garantálják a zavartalan tartózkodást. Ideális rövid városi tartózkodásokhoz, családoknak és pároknak. A szálloda egyszerűsége és központi elhelyezkedése biztosítja a kényelmes városi felfedezést.', 'img/utjaink kepek/hotellunik.jpg', 32000.00, 0),
(133, 0, 16, 'Berlin', 'Hotel Adlon Kempinski', 5, 'Ikonikus luxushotel közvetlenül a Brandenburgi kapu mellett. Elegáns, tágas szobák prémium berendezéssel és légkondicionálóval várják a vendégeket. Spa és wellness részleg medencékkel, szaunával és masszázs szolgáltatásokkal biztosítja a teljes kikapcsolódást. Éttermek és bárok autentikus német és nemzetközi ételeket kínálnak. A személyzet barátságos és professzionális, a programok megszervezésében is segít. Ideális romantikus, családi és üzleti tartózkodásokhoz. A szálloda eleganciája és történelmi hangulata garantálja a felejthetetlen élményt.', 'img/utjaink kepek/hoteladlon.jpg', 25000.00, 0),
(134, 0, 16, 'München', 'Bayerischer Hof', 5, 'Történelmi luxus szálloda a város szívében. Tágas, elegánsan berendezett szobák prémium felszereltséggel várják a vendégeket. Spa és wellness részleg, medencék és fitnesz szolgáltatások biztosítják a teljes kikapcsolódást. Éttermek és bárok változatos kulináris élményt kínálnak. A személyzet professzionális és barátságos, a programok megszervezésében is segít. Ideális üzleti, romantikus és családi tartózkodásokhoz. A hotel történelmi hangulata és szolgáltatásai felejthetetlenné teszik a tartózkodást.', 'img/utjaink kepek/bayerischer.jpg', 57900.00, 0),
(135, 0, 16, 'Frankfurt', 'NH Collection', 4, 'Modern üzleti hotel központi fekvéssel. Kényelmes, világos szobák várják a vendégeket, modern felszereltséggel. Wellness részleg, étterem és bár áll rendelkezésre a vendégek kényelméért. Barátságos személyzet segít a városi programok megszervezésében. Ideális üzleti utazóknak, pároknak és városi turistáknak. A hotel praktikus szolgáltatásai és közösségi terei biztosítják a zavartalan tartózkodást.', 'img/utjaink kepek/nhcollectionfrankfurt.jpg', 48300.00, 0),
(136, 0, 16, 'Hamburg', 'Holiday Inn Express', 3, 'Megfizethető városi szállás reggelivel. Kényelmes, világos szobák várják a vendégeket. Étterem és bár biztosítja a vendégek kényelmét. Barátságos személyzet és praktikus szolgáltatások garantálják a zavartalan tartózkodást. Ideális rövid városi tartózkodásokhoz, üzleti és turista utazásokhoz. A szálloda egyszerűsége és központi elhelyezkedése kényelmes városi felfedezést biztosít.', 'img/utjaink kepek/holidayinn.jpg', 42000.00, 0),
(137, 1, 1, 'Noszvaj', 'Nomad Hotel', 3, 'A bükk lábánál található, természetbe illeszkedő szálláshely, ahol a fenntartható építészet és a nyugalom kerül előtérbe. Minimális energiafelhasználás, természetes anyagok és helyi szolgáltatók jellemzik.', 'img/okoutjaink kepek/nomadhotel.jpg', 22000.00, 0),
(138, 1, 2, 'Parrano', 'Eremito Hotel', 5, 'Egy egykori kolostor mintájára épült öko-hotel, amely a csendes elvonulást, és a tudatos életmódot támogatja. Nincs televízió, erősen korlátozott energihasználat, teljes harmónia a természettel', 'img/okoutjaink kepek/eremito.jpg', 19500.00, 0),
(139, 1, 2, 'Sorano', 'Agriturismo Biologico', 4, 'Biofarmként működő öko-szállás, ahol a természetes anyagokból épült házak, vegyszermentes gazdálkodás és tudatos életmód várja a vendégeket.', 'img/okoutjaink kepek/agriturismo.jpg', 14500.00, 0),
(140, 1, 5, 'Bretagne', 'La Grée des Landes', 5, 'Európa egyik legismertebb öko-luxusszállodája, amely saját biokerttel, megújuló energiával, és természetes anyagokkal működik, miközben magas színvonalú szolgáltatást nyújt.', 'img/okoutjaink kepek/lagree.jpg', 32000.00, 0),
(141, 1, 5, 'Fontvieille', 'Huttopia', 4, 'Természetvédelmi területen elhelyezkedő, autómentes öko-szállás faházakkal és sátrakkal. A cél a természet tisztelete és a minimális környezeti terhelés', 'img/okoutjaink kepek/huttopia.jpg', 16000.00, 0),
(142, 0, 1, 'Budapest', 'Hotel Clark', 5, 'Modern, design-orientált boutique hotel, tetőbárral és panorámás kilátással a Dunára és a várra. Inkább felnőtteknek szóló, stílusos városi élmény.', 'img/utjaink kepek/clark.jpg', 32000.00, 0),
(143, 0, 2, 'Velence', 'Splendid', 4, 'Történelmi épületben működő elegáns hotel a Szent Márk tér és a Rialto híd között. Saját csatornai kikötő, tetőterasz és klasszikus velencei hangulat jellemzi.', 'img/utjaink kepek/splendid.jpg', 30000.00, 0),
(144, 0, 5, 'Párizs', 'Maison Souquet', 5, 'Exkluzív boutique hotel Belle Époque stílusban, luxus dizájnnal és intim hangulattal. Történelmi inspirációjú belsőépítészet és privát spa szolgáltatások jellemzik.', 'img/utjaink kepek/maison.jpg', 36000.00, 0),
(145, 0, 1, 'Zalakaros', 'Radisson Hotel', 4, 'Modern wellness hotel termálfürdő közelében, családbarát szolgáltatásokkal, spa-val, fitneszteremmel és étteremmel. A környék csendes, természetközeli, ideális pihenéshez és slow travel jellegű utazásokhoz.', 'img/utjaink kepek/radisson.jpg', 17500.00, 0),
(146, 0, 5, 'Chiberta', 'Hotel Maison', 4, 'Tengerparti elegáns hotel spa-val, fedett medencével és baszk gasztronómiai étteremmel. Biarritz híres surf-város és exkluzív üdülőhely, így a hotel egyszerre kínál luxus hangulatot és aktív élményeket (szörf, golf, lovaglás).', 'img/utjaink kepek/maisonchiberta.jpg', 21000.00, 0);

-- --------------------------------------------------------

--
-- Tábla szerkezet ehhez a táblához `trips_images`
--

CREATE TABLE `trips_images` (
  `id` int(11) NOT NULL,
  `trip_id` int(11) NOT NULL,
  `image_url` varchar(255) NOT NULL
) ENGINE=InnoDB DEFAULT CHARSET=utf8mb4 COLLATE=utf8mb4_general_ci;

--
-- A tábla adatainak kiíratása `trips_images`
--

INSERT INTO `trips_images` (`id`, `trip_id`, `image_url`) VALUES
(13, 4, 'img/utjaink kepek/platinus1.jpg'),
(14, 4, 'img/utjaink kepek/platinus2.jpg'),
(15, 4, 'img/utjaink kepek/platinus3.jpg'),
(16, 4, 'img/utjaink kepek/platinus4.jpg'),
(63, 9, 'img/okoutjaink kepek/greenhotel1.jpg'),
(64, 9, 'img/okoutjaink kepek/greenhotel2.jpg'),
(65, 9, 'img/okoutjaink kepek/greenhotel3.jpg'),
(69, 11, 'img/okoutjaink kepek/continental1.jpg'),
(70, 11, 'img/okoutjaink kepek/continental2.jpg'),
(71, 11, 'img/okoutjaink kepek/continental3.jpg'),
(72, 11, 'img/okoutjaink kepek/continental4.jpg'),
(77, 13, 'img/okoutjaink kepek/echo1.jpg'),
(78, 13, 'img/okoutjaink kepek/echo2.jpg'),
(79, 13, 'img/okoutjaink kepek/echo3.jpg'),
(80, 13, 'img/okoutjaink kepek/echo4.jpg'),
(81, 13, 'img/okoutjaink kepek/echo5.jpg'),
(86, 15, 'img/okoutjaink kepek/felder1.jpg'),
(87, 15, 'img/okoutjaink kepek/felder2.jpg'),
(88, 15, 'img/okoutjaink kepek/felder3.jpg'),
(89, 15, 'img/okoutjaink kepek/felder4.jpg'),
(94, 38, 'img/okoutjaink kepek/acanto1.jpg'),
(95, 38, 'img/okoutjaink kepek/acanto2.jpg'),
(96, 38, 'img/okoutjaink kepek/acanto3.jpg'),
(97, 38, 'img/okoutjaink kepek/acanto4.jpg'),
(98, 38, 'img/okoutjaink kepek/acanto5.jpg'),
(99, 44, 'img/okoutjaink kepek/ariana1.jpg'),
(100, 44, 'img/okoutjaink kepek/ariana2.jpg'),
(101, 44, 'img/okoutjaink kepek/ariana3.jpg'),
(102, 44, 'img/okoutjaink kepek/ariana4.jpg'),
(103, 44, 'img/okoutjaink kepek/ariana5.jpg'),
(104, 58, 'img/okoutjaink kepek/atlasgreen1.jpg'),
(105, 58, 'img/okoutjaink kepek/atlasgreen2.jpg'),
(106, 58, 'img/okoutjaink kepek/atlasgreen3.jpg'),
(107, 58, 'img/okoutjaink kepek/atlasgreen4.jpg'),
(108, 53, 'img/okoutjaink kepek/baan1.jpg'),
(109, 53, 'img/okoutjaink kepek/baan2.jpg'),
(110, 53, 'img/okoutjaink kepek/baan3.jpg'),
(111, 53, 'img/okoutjaink kepek/baan4.jpg'),
(112, 53, 'img/okoutjaink kepek/baan5.jpg'),
(113, 37, 'img/okoutjaink kepek/bioapartments1.jpg'),
(114, 37, 'img/okoutjaink kepek/bioapartments2.jpg'),
(115, 37, 'img/okoutjaink kepek/bioapartments3.jpg'),
(116, 37, 'img/okoutjaink kepek/bioapartments4.jpg'),
(117, 37, 'img/okoutjaink kepek/bioapartments5.jpg'),
(118, 73, 'img/okoutjaink kepek/biohotel1.jpg'),
(119, 73, 'img/okoutjaink kepek/biohotel2.jpg'),
(120, 73, 'img/okoutjaink kepek/biohotel3.jpg'),
(121, 73, 'img/okoutjaink kepek/biohotel4.jpg'),
(122, 10, 'img/okoutjaink kepek/bohemart1.jpg'),
(123, 10, 'img/okoutjaink kepek/bohemart2.jpg'),
(124, 10, 'img/okoutjaink kepek/bohemart3.jpg'),
(125, 71, 'img/okoutjaink kepek/bohemian1.jpg'),
(126, 71, 'img/okoutjaink kepek/bohemian2.jpg'),
(127, 71, 'img/okoutjaink kepek/bohemian3.jpg'),
(128, 71, 'img/okoutjaink kepek/bohemian4.jpg'),
(129, 21, 'img/okoutjaink kepek/boutique1.jpg'),
(130, 21, 'img/okoutjaink kepek/boutique2.jpg'),
(131, 21, 'img/okoutjaink kepek/boutique3.jpg'),
(132, 21, 'img/okoutjaink kepek/boutique4.jpg'),
(133, 21, 'img/okoutjaink kepek/boutique5.jpg'),
(134, 33, 'img/okoutjaink kepek/boutiqueapart1.jpg'),
(135, 33, 'img/okoutjaink kepek/boutiqueapart2.jpg'),
(136, 33, 'img/okoutjaink kepek/boutiqueapart3.jpg'),
(137, 33, 'img/okoutjaink kepek/boutiqueapart4.jpg'),
(138, 33, 'img/okoutjaink kepek/boutiqueapart5.jpg'),
(139, 24, 'img/okoutjaink kepek/cabinski1.jpg'),
(140, 24, 'img/okoutjaink kepek/cabinski2.jpg'),
(141, 24, 'img/okoutjaink kepek/cabinski3.jpg'),
(142, 24, 'img/okoutjaink kepek/cabinski4.jpg'),
(143, 23, 'img/okoutjaink kepek/harmonie1.jpg'),
(144, 23, 'img/okoutjaink kepek/harmonie2.jpg'),
(145, 23, 'img/okoutjaink kepek/harmonie3.jpg'),
(146, 23, 'img/okoutjaink kepek/harmonie4.jpg'),
(147, 23, 'img/okoutjaink kepek/harmonie5.jpg'),
(148, 18, 'img/okoutjaink kepek/hotel18981.jpg'),
(149, 18, 'img/okoutjaink kepek/hotel18982.jpg'),
(150, 18, 'img/okoutjaink kepek/hotel18983.jpg'),
(151, 18, 'img/okoutjaink kepek/hotel18984.jpg'),
(152, 18, 'img/okoutjaink kepek/hotel18985.jpg'),
(153, 70, 'img/okoutjaink kepek/hotelbrno1.jpg'),
(154, 70, 'img/okoutjaink kepek/hotelbrno2.jpg'),
(155, 70, 'img/okoutjaink kepek/hotelbrno3.jpg'),
(156, 70, 'img/okoutjaink kepek/hotelbrno4.jpg'),
(157, 12, 'img/okoutjaink kepek/intercontinental1.jpg'),
(158, 12, 'img/okoutjaink kepek/intercontinental2.jpg'),
(159, 12, 'img/okoutjaink kepek/intercontinental3.jpg'),
(160, 12, 'img/okoutjaink kepek/intercontinental4.jpg'),
(161, 22, 'img/okoutjaink kepek/kaiserhof1.jpg'),
(162, 22, 'img/okoutjaink kepek/kaiserhof2.jpg'),
(163, 22, 'img/okoutjaink kepek/kaiserhof3.jpg'),
(164, 22, 'img/okoutjaink kepek/kaiserhof4.jpg'),
(165, 22, 'img/okoutjaink kepek/kaiserhof5.jpg'),
(166, 72, 'img/okoutjaink kepek/karlovyvary1.jpg'),
(167, 72, 'img/okoutjaink kepek/karlovyvary2.jpg'),
(168, 72, 'img/okoutjaink kepek/karlovyvary3.jpg'),
(169, 72, 'img/okoutjaink kepek/karlovyvary4.jpg'),
(170, 60, 'img/okoutjaink kepek/kasbah1.jpg'),
(171, 60, 'img/okoutjaink kepek/kasbah2.jpg'),
(172, 60, 'img/okoutjaink kepek/kasbah3.jpg'),
(173, 60, 'img/okoutjaink kepek/kasbah4.jpg'),
(174, 54, 'img/okoutjaink kepek/kohlanta1.jpg'),
(175, 54, 'img/okoutjaink kepek/kohlanta2.jpg'),
(176, 54, 'img/okoutjaink kepek/kohlanta3.jpg'),
(177, 54, 'img/okoutjaink kepek/kohlanta4.jpg'),
(178, 31, 'img/okoutjaink kepek/lescabanes1.jpg'),
(179, 31, 'img/okoutjaink kepek/lescabanes2.jpg'),
(180, 31, 'img/okoutjaink kepek/lescabanes3.jpg'),
(181, 31, 'img/okoutjaink kepek/lescabanes4.jpg'),
(182, 31, 'img/okoutjaink kepek/lescabanes5.jpg'),
(183, 74, 'img/okoutjaink kepek/lodgebavaria1.jpg'),
(184, 74, 'img/okoutjaink kepek/lodgebavaria2.jpg'),
(185, 74, 'img/okoutjaink kepek/lodgebavaria3.jpg'),
(186, 74, 'img/okoutjaink kepek/lodgebavaria4.jpg'),
(187, 76, 'img/okoutjaink kepek/machhalting1.jpg'),
(188, 76, 'img/okoutjaink kepek/machhalting2.jpg'),
(189, 76, 'img/okoutjaink kepek/machhalting3.jpg'),
(190, 76, 'img/okoutjaink kepek/machhalting4.jpg'),
(191, 30, 'img/okoutjaink kepek/mas1.jpg'),
(192, 30, 'img/okoutjaink kepek/mas2.jpg'),
(193, 30, 'img/okoutjaink kepek/mas3.jpg'),
(194, 30, 'img/okoutjaink kepek/mas4.jpg'),
(195, 30, 'img/okoutjaink kepek/mas5.jpg'),
(196, 30, 'img/okoutjaink kepek/mas6.jpg'),
(197, 36, 'img/okoutjaink kepek/metohi1.jpg'),
(198, 36, 'img/okoutjaink kepek/metohi2.jpg'),
(199, 36, 'img/okoutjaink kepek/metohi3.jpg'),
(200, 36, 'img/okoutjaink kepek/metohi4.jpg'),
(201, 36, 'img/okoutjaink kepek/metohi5.jpg'),
(202, 16, 'img/okoutjaink kepek/monaci1.jpg'),
(203, 16, 'img/okoutjaink kepek/monaci2.jpg'),
(204, 16, 'img/okoutjaink kepek/monaci3.jpg'),
(205, 16, 'img/okoutjaink kepek/monaci4.jpg'),
(206, 35, 'img/okoutjaink kepek/native1.jpg'),
(207, 35, 'img/okoutjaink kepek/native2.jpg'),
(208, 35, 'img/okoutjaink kepek/native3.jpg'),
(209, 35, 'img/okoutjaink kepek/native4.jpg'),
(210, 32, 'img/okoutjaink kepek/naturalodge1.jpg'),
(211, 32, 'img/okoutjaink kepek/naturalodge2.jpg'),
(212, 46, 'img/okoutjaink kepek/nubian1.jpg'),
(213, 46, 'img/okoutjaink kepek/nubian2.jpg'),
(214, 46, 'img/okoutjaink kepek/nubian3.jpg'),
(215, 46, 'img/okoutjaink kepek/nubian4.jpg'),
(216, 19, 'img/okoutjaink kepek/only1.jpg'),
(217, 19, 'img/okoutjaink kepek/only2.jpg'),
(218, 19, 'img/okoutjaink kepek/only3.jpg'),
(219, 19, 'img/okoutjaink kepek/only4.jpg'),
(220, 19, 'img/okoutjaink kepek/only5.jpg'),
(221, 19, 'img/okoutjaink kepek/only6.jpg'),
(222, 17, 'img/okoutjaink kepek/Quinta1.jpg'),
(223, 17, 'img/okoutjaink kepek/Quinta2.jpg'),
(224, 17, 'img/okoutjaink kepek/Quinta3.jpg'),
(225, 17, 'img/okoutjaink kepek/Quinta4.jpg'),
(226, 17, 'img/okoutjaink kepek/Quinta5.jpg'),
(227, 65, 'img/okoutjaink kepek/quintade1.jpg'),
(228, 65, 'img/okoutjaink kepek/quintade2.jpg'),
(229, 65, 'img/okoutjaink kepek/quintade3.jpg'),
(230, 65, 'img/okoutjaink kepek/quintade4.jpg'),
(231, 14, 'img/okoutjaink kepek/rifugio1.jpg'),
(232, 14, 'img/okoutjaink kepek/rifugio2.jpg'),
(233, 14, 'img/okoutjaink kepek/rifugio3.jpg'),
(234, 14, 'img/okoutjaink kepek/rifugio4.jpg'),
(235, 68, 'img/okoutjaink kepek/solareco1.jpg'),
(236, 68, 'img/okoutjaink kepek/solareco2.jpg'),
(237, 68, 'img/okoutjaink kepek/solareco3.jpg'),
(238, 68, 'img/okoutjaink kepek/solareco4.jpg'),
(239, 68, 'img/okoutjaink kepek/solareco5.jpg'),
(240, 44, 'img/okoutjaink kepek/Sustainable1.jpg'),
(241, 44, 'img/okoutjaink kepek/Sustainable2.jpg'),
(242, 44, 'img/okoutjaink kepek/Sustainable3.jpg'),
(243, 44, 'img/okoutjaink kepek/Sustainable4.jpg'),
(244, 49, 'img/okoutjaink kepek/The Sustainable1.jpg'),
(245, 49, 'img/okoutjaink kepek/The Sustainable2.jpg'),
(246, 49, 'img/okoutjaink kepek/The Sustainable3.jpg'),
(247, 49, 'img/okoutjaink kepek/The Sustainable4.jpg'),
(248, 43, 'img/okoutjaink kepek/tree1.jpg'),
(249, 43, 'img/okoutjaink kepek/tree2.jpg'),
(250, 43, 'img/okoutjaink kepek/tree3.jpg'),
(251, 43, 'img/okoutjaink kepek/tree4.jpg'),
(252, 43, 'img/okoutjaink kepek/tree5.jpg'),
(253, 56, 'img/okoutjaink kepek/treehouse1.jpg'),
(254, 56, 'img/okoutjaink kepek/treehouse2.jpg'),
(255, 56, 'img/okoutjaink kepek/treehouse3.jpg'),
(256, 56, 'img/okoutjaink kepek/treehouse4.jpg'),
(257, 40, 'img/okoutjaink kepek/villadvor1.jpg'),
(258, 40, 'img/okoutjaink kepek/villadvor2.jpg'),
(259, 40, 'img/okoutjaink kepek/villadvor3.jpg'),
(260, 40, 'img/okoutjaink kepek/villadvor4.jpg'),
(261, 40, 'img/okoutjaink kepek/villadvor5.jpg'),
(262, 41, 'img/okoutjaink kepek/yaban1.jpg'),
(263, 41, 'img/okoutjaink kepek/yaban2.jpg'),
(264, 41, 'img/okoutjaink kepek/yaban3.jpg'),
(265, 41, 'img/okoutjaink kepek/yaban4.jpg'),
(266, 104, 'img/utjaink kepek/akra1.jpg'),
(267, 104, 'img/utjaink kepek/akra2.jpg'),
(268, 104, 'img/utjaink kepek/akra3.jpg'),
(269, 104, 'img/utjaink kepek/akra4.jpg'),
(270, 82, 'img/utjaink kepek/alpbach1.jpg'),
(271, 82, 'img/utjaink kepek/alpbach2.jpg'),
(272, 82, 'img/utjaink kepek/alpbach3.jpg'),
(273, 82, 'img/utjaink kepek/alpbach4.jpg'),
(274, 100, 'img/utjaink kepek/amadria1.jpg'),
(275, 100, 'img/utjaink kepek/amadria2.jpg'),
(276, 100, 'img/utjaink kepek/amadria3.jpg'),
(277, 114, 'img/utjaink kepek/amari1.jpg'),
(278, 114, 'img/utjaink kepek/amari2.jpg'),
(279, 114, 'img/utjaink kepek/amari3.jpg'),
(280, 114, 'img/utjaink kepek/amari4.jpg'),
(281, 1, 'img/utjaink kepek/ariahotel1.jpg'),
(282, 1, 'img/utjaink kepek/ariahotel2.jpg'),
(283, 1, 'img/utjaink kepek/ariahotel3.jpg'),
(284, 1, 'img/utjaink kepek/ariahotel4.jpg'),
(285, 5, 'img/utjaink kepek/artemide1.jpg'),
(286, 5, 'img/utjaink kepek/artemide2.jpg'),
(287, 5, 'img/utjaink kepek/artemide3.jpg'),
(288, 5, 'img/utjaink kepek/artemide4.jpg'),
(289, 5, 'img/utjaink kepek/artemide5.jpg'),
(290, 110, 'img/utjaink kepek/atlantis1.jpg'),
(291, 110, 'img/utjaink kepek/atlantis2.jpg'),
(292, 110, 'img/utjaink kepek/atlantis3.jpg'),
(293, 110, 'img/utjaink kepek/atlantis4.jpg'),
(294, 80, 'img/utjaink kepek/barcelo1.jpg'),
(295, 80, 'img/utjaink kepek/barcelo2.jpg'),
(296, 80, 'img/utjaink kepek/barcelo3.jpg'),
(297, 80, 'img/utjaink kepek/barcelo4.jpg'),
(298, 134, 'img/utjaink kepek/bayerischer1.jpg'),
(299, 134, 'img/utjaink kepek/bayerischer2.jpg'),
(300, 134, 'img/utjaink kepek/bayerischer3.jpg'),
(301, 134, 'img/utjaink kepek/bayerischer4.jpg'),
(302, 134, 'img/utjaink kepek/bayerischer5.jpg'),
(303, 124, 'img/utjaink kepek/bayview1.jpg'),
(304, 124, 'img/utjaink kepek/bayview2.jpg'),
(305, 124, 'img/utjaink kepek/bayview3.jpg'),
(306, 8, 'img/utjaink kepek/bernini1.jpg'),
(307, 8, 'img/utjaink kepek/bernini2.jpg'),
(308, 8, 'img/utjaink kepek/bernini3.jpg'),
(309, 8, 'img/utjaink kepek/bernini4.jpg'),
(310, 94, 'img/utjaink kepek/bluepalace1.jpg'),
(311, 94, 'img/utjaink kepek/bluepalace2.jpg'),
(312, 94, 'img/utjaink kepek/bluepalace3.jpg'),
(313, 109, 'img/utjaink kepek/burj1.jpg'),
(314, 109, 'img/utjaink kepek/burj2.jpg'),
(315, 109, 'img/utjaink kepek/burj3.jpg'),
(316, 109, 'img/utjaink kepek/burj4.jpg'),
(317, 109, 'img/utjaink kepek/burj5.jpg'),
(318, 78, 'img/utjaink kepek/casa1.jpg'),
(319, 78, 'img/utjaink kepek/casa2.jpg'),
(320, 78, 'img/utjaink kepek/casa3.jpg'),
(321, 78, 'img/utjaink kepek/casa4.jpg'),
(322, 78, 'img/utjaink kepek/casa5.jpg'),
(323, 116, 'img/utjaink kepek/choengmon1.jpg'),
(324, 116, 'img/utjaink kepek/choengmon2.jpg'),
(325, 116, 'img/utjaink kepek/choengmon3.jpg'),
(326, 116, 'img/utjaink kepek/choengmon4.jpg'),
(327, 116, 'img/utjaink kepek/choengmon5.jpg'),
(328, 116, 'img/utjaink kepek/choengmon6.jpg'),
(329, 121, 'img/utjaink kepek/corinthia1.jpg'),
(330, 121, 'img/utjaink kepek/corinthia2.jpg'),
(331, 121, 'img/utjaink kepek/corinthia3.jpg'),
(332, 121, 'img/utjaink kepek/corinthia4.jpg'),
(333, 121, 'img/utjaink kepek/corinthia5.jpg'),
(334, 3, 'img/utjaink kepek/danubis1.jpg'),
(335, 3, 'img/utjaink kepek/danubis2.jpg'),
(336, 3, 'img/utjaink kepek/danubis3.jpg'),
(337, 3, 'img/utjaink kepek/danubis4.jpg'),
(338, 97, 'img/utjaink kepek/dubrovnik1.jpg'),
(339, 97, 'img/utjaink kepek/dubrovnik2.jpg'),
(340, 97, 'img/utjaink kepek/dubrovnik3.jpg'),
(341, 97, 'img/utjaink kepek/dubrovnik4.jpg'),
(342, 97, 'img/utjaink kepek/dubrovnik5.jpg'),
(343, 93, 'img/utjaink kepek/electrapalace1.jpg'),
(344, 93, 'img/utjaink kepek/electrapalace2.jpg'),
(345, 93, 'img/utjaink kepek/electrapalace3.jpg'),
(346, 93, 'img/utjaink kepek/electrapalace4.jpg'),
(347, 93, 'img/utjaink kepek/electrapalace5.jpg'),
(348, 99, 'img/utjaink kepek/esplanade1.jpg'),
(349, 99, 'img/utjaink kepek/esplanade2.jpg'),
(350, 99, 'img/utjaink kepek/esplanade3.jpg'),
(351, 99, 'img/utjaink kepek/esplanade4.jpg'),
(352, 99, 'img/utjaink kepek/esplanade5.jpg'),
(353, 99, 'img/utjaink kepek/esplanade6.jpg'),
(354, 129, 'img/utjaink kepek/fourseasons1.jpg'),
(355, 129, 'img/utjaink kepek/fourseasons2.jpg'),
(356, 129, 'img/utjaink kepek/fourseasons3.jpg'),
(357, 129, 'img/utjaink kepek/fourseasons4.jpg'),
(358, 84, 'img/utjaink kepek/goldenerhirsch1.jpg'),
(359, 84, 'img/utjaink kepek/goldenerhirsch2.jpg'),
(360, 84, 'img/utjaink kepek/goldenerhirsch3.jpg'),
(361, 84, 'img/utjaink kepek/goldenerhirsch4.jpg'),
(362, 7, 'img/utjaink kepek/grandhotel1.jpg'),
(363, 7, 'img/utjaink kepek/grandhotel2.jpg'),
(364, 7, 'img/utjaink kepek/grandhotel3.jpg'),
(365, 7, 'img/utjaink kepek/grandhotel4.jpg'),
(366, 7, 'img/utjaink kepek/grandhotel5.jpg'),
(367, 106, 'img/utjaink kepek/hilton1.jpg'),
(368, 106, 'img/utjaink kepek/hilton2.jpg'),
(369, 106, 'img/utjaink kepek/hilton3.jpg'),
(370, 106, 'img/utjaink kepek/hilton4.jpg'),
(371, 136, 'img/utjaink kepek/holidayinn1.jpg'),
(372, 136, 'img/utjaink kepek/holidayinn2.jpg'),
(373, 136, 'img/utjaink kepek/holidayinn3.jpg'),
(374, 136, 'img/utjaink kepek/holidayinn4.jpg'),
(375, 133, 'img/utjaink kepek/hoteladlon1.jpg'),
(376, 133, 'img/utjaink kepek/hoteladlon2.jpg'),
(377, 133, 'img/utjaink kepek/hoteladlon3.jpg'),
(378, 133, 'img/utjaink kepek/hoteladlon4.jpg'),
(379, 95, 'img/utjaink kepek/hotelaegeon1.jpg'),
(380, 95, 'img/utjaink kepek/hotelaegeon2.jpg'),
(381, 95, 'img/utjaink kepek/hotelaegeon3.jpg'),
(382, 95, 'img/utjaink kepek/hotelaegeon4.jpg'),
(383, 120, 'img/utjaink kepek/hotelcentral1.jpg'),
(384, 120, 'img/utjaink kepek/hotelcentral2.jpg'),
(385, 120, 'img/utjaink kepek/hotelcentral3.jpg'),
(386, 126, 'img/utjaink kepek/hoteldabaixa1.jpg'),
(387, 126, 'img/utjaink kepek/hoteldabaixa2.jpg'),
(388, 126, 'img/utjaink kepek/hoteldabaixa3.jpg'),
(389, 123, 'img/utjaink kepek/hoteljuliani1.jpg'),
(390, 123, 'img/utjaink kepek/hoteljuliani2.jpg'),
(391, 123, 'img/utjaink kepek/hoteljuliani3.jpg'),
(392, 123, 'img/utjaink kepek/hoteljuliani4.jpg'),
(393, 89, 'img/utjaink kepek/hotellemeurice1.jpg'),
(394, 89, 'img/utjaink kepek/hotellemeurice2.jpg'),
(395, 89, 'img/utjaink kepek/hotellemeurice3.jpg'),
(396, 89, 'img/utjaink kepek/hotellemeurice4.jpg'),
(397, 132, 'img/utjaink kepek/hotellunik1.jpg'),
(398, 132, 'img/utjaink kepek/hotellunik2.jpg'),
(399, 132, 'img/utjaink kepek/hotellunik3.jpg'),
(400, 132, 'img/utjaink kepek/hotellunik4.jpg'),
(401, 128, 'img/utjaink kepek/hotelmaritur1.jpg'),
(402, 128, 'img/utjaink kepek/hotelmaritur2.jpg'),
(403, 128, 'img/utjaink kepek/hotelmaritur3.jpg'),
(404, 128, 'img/utjaink kepek/hotelmaritur4.jpg'),
(405, 130, 'img/utjaink kepek/hotelparis1.jpg'),
(406, 130, 'img/utjaink kepek/hotelparis2.jpg'),
(407, 130, 'img/utjaink kepek/hotelparis3.jpg'),
(408, 130, 'img/utjaink kepek/hotelparis4.jpg'),
(409, 130, 'img/utjaink kepek/hotelparis5.jpg'),
(410, 102, 'img/utjaink kepek/hoteluyan1.jpg'),
(411, 102, 'img/utjaink kepek/hoteluyan2.jpg'),
(412, 102, 'img/utjaink kepek/hoteluyan3.jpg'),
(413, 91, 'img/utjaink kepek/ibisstyles1.jpg'),
(414, 91, 'img/utjaink kepek/ibisstyles2.jpg'),
(415, 91, 'img/utjaink kepek/ibisstyles3.jpg'),
(416, 92, 'img/utjaink kepek/InterContinental1.jpg'),
(417, 92, 'img/utjaink kepek/InterContinental2.jpg'),
(418, 92, 'img/utjaink kepek/InterContinental3.jpg'),
(419, 92, 'img/utjaink kepek/InterContinental4.jpg'),
(420, 92, 'img/utjaink kepek/InterContinental5.jpg'),
(421, 107, 'img/utjaink kepek/jolie1.jpg'),
(422, 107, 'img/utjaink kepek/jolie2.jpg'),
(423, 107, 'img/utjaink kepek/jolie3.jpg'),
(424, 107, 'img/utjaink kepek/jolie4.jpg'),
(425, 107, 'img/utjaink kepek/jolie5.jpg'),
(426, 112, 'img/utjaink kepek/jumeirah1.jpg'),
(427, 112, 'img/utjaink kepek/jumeirah2.jpg'),
(428, 112, 'img/utjaink kepek/jumeirah3.jpg'),
(429, 112, 'img/utjaink kepek/jumeirah4.jpg'),
(430, 119, 'img/utjaink kepek/kenzi1.jpg'),
(431, 119, 'img/utjaink kepek/kenzi2.jpg'),
(432, 119, 'img/utjaink kepek/kenzi3.jpg'),
(433, 119, 'img/utjaink kepek/kenzi4.jpg'),
(434, 119, 'img/utjaink kepek/kenzi5.jpg'),
(435, 6, 'img/utjaink kepek/lapoggiolina1.jpg'),
(436, 6, 'img/utjaink kepek/lapoggiolina2.jpg'),
(437, 6, 'img/utjaink kepek/lapoggiolina3.jpg'),
(438, 6, 'img/utjaink kepek/lapoggiolina4.jpg'),
(439, 6, 'img/utjaink kepek/lapoggiolina5.jpg'),
(440, 103, 'img/utjaink kepek/liberty1.jpg'),
(441, 103, 'img/utjaink kepek/liberty2.jpg'),
(442, 103, 'img/utjaink kepek/liberty3.jpg'),
(443, 103, 'img/utjaink kepek/liberty4.jpg'),
(444, 103, 'img/utjaink kepek/liberty5.jpg'),
(445, 115, 'img/utjaink kepek/lubd1.jpg'),
(446, 115, 'img/utjaink kepek/lubd2.jpg'),
(447, 115, 'img/utjaink kepek/lubd3.jpg'),
(448, 96, 'img/utjaink kepek/makedoniapalace1.jpg'),
(449, 96, 'img/utjaink kepek/makedoniapalace2.jpg'),
(450, 96, 'img/utjaink kepek/makedoniapalace3.jpg'),
(451, 96, 'img/utjaink kepek/makedoniapalace4.jpg'),
(452, 96, 'img/utjaink kepek/makedoniapalace5.jpg'),
(453, 117, 'img/utjaink kepek/mamounia1.jpg'),
(454, 117, 'img/utjaink kepek/mamounia2.jpg'),
(455, 117, 'img/utjaink kepek/mamounia3.jpg'),
(456, 117, 'img/utjaink kepek/mamounia4.jpg'),
(457, 113, 'img/utjaink kepek/mandarin1.jpg'),
(458, 113, 'img/utjaink kepek/mandarin2.jpg'),
(459, 113, 'img/utjaink kepek/mandarin3.jpg'),
(460, 113, 'img/utjaink kepek/mandarin4.jpg'),
(461, 113, 'img/utjaink kepek/mandarin5.jpg'),
(462, 108, 'img/utjaink kepek/mercure1.jpg'),
(463, 108, 'img/utjaink kepek/mercure2.jpg'),
(464, 108, 'img/utjaink kepek/mercure3.jpg'),
(465, 108, 'img/utjaink kepek/mercure4.jpg'),
(466, 90, 'img/utjaink kepek/mercurecentre1.jpg'),
(467, 90, 'img/utjaink kepek/mercurecentre2.jpg'),
(468, 90, 'img/utjaink kepek/mercurecentre3.jpg'),
(469, 135, 'img/utjaink kepek/nhcollectionfrankfurt1.jpg'),
(470, 135, 'img/utjaink kepek/nhcollectionfrankfurt2.jpg'),
(471, 135, 'img/utjaink kepek/nhcollectionfrankfurt3.jpg'),
(472, 131, 'img/utjaink kepek/nhcollectionpraga1.jpg'),
(473, 131, 'img/utjaink kepek/nhcollectionpraga2.jpg'),
(474, 131, 'img/utjaink kepek/nhcollectionpraga3.jpg'),
(475, 131, 'img/utjaink kepek/nhcollectionpraga4.jpg'),
(476, 2, 'img/utjaink kepek/palotaszallo1.jpg'),
(477, 2, 'img/utjaink kepek/palotaszallo2.jpg'),
(478, 2, 'img/utjaink kepek/palotaszallo3.jpg'),
(479, 2, 'img/utjaink kepek/palotaszallo4.jpg'),
(480, 77, 'img/utjaink kepek/parador1.jpg'),
(481, 77, 'img/utjaink kepek/parador2.jpg'),
(482, 77, 'img/utjaink kepek/parador3.jpg'),
(483, 77, 'img/utjaink kepek/parador4.jpg'),
(484, 125, 'img/utjaink kepek/pestana1.jpg'),
(485, 125, 'img/utjaink kepek/pestana2.jpg'),
(486, 125, 'img/utjaink kepek/pestana3.jpg'),
(487, 125, 'img/utjaink kepek/pestana4.jpg'),
(488, 125, 'img/utjaink kepek/pestana5.jpg'),
(489, 118, 'img/utjaink kepek/riad1.jpg'),
(490, 118, 'img/utjaink kepek/riad2.jpg'),
(491, 118, 'img/utjaink kepek/riad3.jpg'),
(492, 118, 'img/utjaink kepek/riad4.jpg'),
(493, 79, 'img/utjaink kepek/ritzmadrid1.jpg'),
(494, 79, 'img/utjaink kepek/ritzmadrid2.jpg'),
(495, 79, 'img/utjaink kepek/ritzmadrid3.jpg'),
(496, 79, 'img/utjaink kepek/ritzmadrid4.jpg'),
(497, 79, 'img/utjaink kepek/ritzmadrid5.jpg'),
(498, 79, 'img/utjaink kepek/ritzmadrid6.jpg'),
(499, 111, 'img/utjaink kepek/rove1.jpg'),
(500, 111, 'img/utjaink kepek/rove2.jpg'),
(501, 111, 'img/utjaink kepek/rove3.jpg'),
(502, 81, 'img/utjaink kepek/sacherwien1.jpg'),
(503, 81, 'img/utjaink kepek/sacherwien2.jpg'),
(504, 81, 'img/utjaink kepek/sacherwien3.jpg'),
(505, 81, 'img/utjaink kepek/sacherwien4.jpg'),
(506, 122, 'img/utjaink kepek/sanantonio1.jpg'),
(507, 122, 'img/utjaink kepek/sanantonio2.jpg'),
(508, 122, 'img/utjaink kepek/sanantonio3.jpg'),
(509, 122, 'img/utjaink kepek/sanantonio4.jpg'),
(510, 105, 'img/utjaink kepek/steigenberger1.jpg'),
(511, 105, 'img/utjaink kepek/steigenberger2.jpg'),
(512, 105, 'img/utjaink kepek/steigenberger3.jpg'),
(513, 105, 'img/utjaink kepek/steigenberger4.jpg'),
(514, 101, 'img/utjaink kepek/swissotel1.jpg'),
(515, 101, 'img/utjaink kepek/swissotel2.jpg'),
(516, 101, 'img/utjaink kepek/swissotel3.jpg'),
(517, 101, 'img/utjaink kepek/swissotel4.jpg'),
(518, 101, 'img/utjaink kepek/swissotel5.jpg'),
(519, 127, 'img/utjaink kepek/tivoli1.jpg'),
(520, 127, 'img/utjaink kepek/tivoli2.jpg'),
(521, 127, 'img/utjaink kepek/tivoli3.jpg'),
(522, 127, 'img/utjaink kepek/tivoli4.jpg'),
(523, 83, 'img/utjaink kepek/trendhotel1.jpg'),
(524, 83, 'img/utjaink kepek/trendhotel2.jpg'),
(525, 83, 'img/utjaink kepek/trendhotel3.jpg'),
(526, 83, 'img/utjaink kepek/trendhotel4.jpg'),
(527, 98, 'img/utjaink kepek/valamar1.jpg'),
(528, 98, 'img/utjaink kepek/valamar2.jpg'),
(529, 98, 'img/utjaink kepek/valamar3.jpg'),
(530, 98, 'img/utjaink kepek/valamar4.jpg'),
(531, 20, 'img/okoutjaink kepek/duquesa1.jpg'),
(532, 20, 'img/okoutjaink kepek/duquesa2.jpg'),
(533, 20, 'img/okoutjaink kepek/duquesa3.jpg'),
(534, 20, 'img/okoutjaink kepek/duquesa4.jpg'),
(535, 20, 'img/okoutjaink kepek/duquesa5.jpg'),
(542, 29, 'img/okoutjaink kepek/domaine1.jpg'),
(543, 29, 'img/okoutjaink kepek/domaine2.jpg'),
(544, 29, 'img/okoutjaink kepek/domaine3.jpg'),
(545, 29, 'img/okoutjaink kepek/domaine4.jpg'),
(546, 29, 'img/okoutjaink kepek/domaine5.jpg'),
(547, 29, 'img/okoutjaink kepek/domaine6.jpg'),
(548, 34, 'img/okoutjaink kepek/eumelia1.jpg'),
(549, 34, 'img/okoutjaink kepek/eumelia2.jpg'),
(550, 34, 'img/okoutjaink kepek/eumelia3.jpg'),
(551, 34, 'img/okoutjaink kepek/eumelia4.jpg'),
(552, 39, 'img/okoutjaink kepek/greenboutique1.jpg'),
(553, 39, 'img/okoutjaink kepek/greenboutique2.jpg'),
(554, 39, 'img/okoutjaink kepek/greenboutique3.jpg'),
(555, 39, 'img/okoutjaink kepek/greenboutique4.jpg'),
(556, 39, 'img/okoutjaink kepek/greenboutique4.jpg'),
(557, 42, 'img/okoutjaink kepek/goknar1.jpg'),
(558, 42, 'img/okoutjaink kepek/goknar2.jpg'),
(559, 42, 'img/okoutjaink kepek/goknar3.jpg'),
(560, 42, 'img/okoutjaink kepek/goknar4.jpg'),
(561, 42, 'img/okoutjaink kepek/goknar5.jpg'),
(562, 45, 'img/okoutjaink kepek/desert1.jpg'),
(563, 45, 'img/okoutjaink kepek/desert2.jpg'),
(564, 45, 'img/okoutjaink kepek/desert3.jpg'),
(565, 45, 'img/okoutjaink kepek/desert4.jpg'),
(566, 47, 'img/okoutjaink kepek/ecolodge1.jpg'),
(567, 47, 'img/okoutjaink kepek/ecolodge2.jpg'),
(568, 47, 'img/okoutjaink kepek/ecolodge3.jpg'),
(569, 47, 'img/okoutjaink kepek/ecolodge4.jpg'),
(570, 48, 'img/okoutjaink kepek/cairogreen1.jpg'),
(571, 48, 'img/okoutjaink kepek/cairogreen2.jpg'),
(572, 48, 'img/okoutjaink kepek/cairogreen3.jpg'),
(573, 48, 'img/okoutjaink kepek/cairogreen4.jpg'),
(574, 50, 'img/okoutjaink kepek/greenpalm1.jpg'),
(575, 50, 'img/okoutjaink kepek/greenpalm2.jpg'),
(576, 50, 'img/okoutjaink kepek/greenpalm3.jpg'),
(577, 50, 'img/okoutjaink kepek/greenpalm4.jpg'),
(578, 51, 'img/okoutjaink kepek/ecostay1.jpg'),
(579, 51, 'img/okoutjaink kepek/ecostay2.jpg'),
(580, 51, 'img/okoutjaink kepek/ecostay3.jpg'),
(581, 51, 'img/okoutjaink kepek/ecostay4.jpg'),
(582, 52, 'img/okoutjaink kepek/ecolodge1.jpg'),
(583, 52, 'img/okoutjaink kepek/ecolodge2.jpg'),
(584, 52, 'img/okoutjaink kepek/ecolodge3.jpg'),
(585, 52, 'img/okoutjaink kepek/ecolodge4.jpg'),
(586, 55, 'img/okoutjaink kepek/greenbamboo1.jpg'),
(587, 55, 'img/okoutjaink kepek/greenbamboo2.jpg'),
(588, 55, 'img/okoutjaink kepek/greenbamboo3.jpg'),
(589, 55, 'img/okoutjaink kepek/greenbamboo4.jpg'),
(590, 57, 'img/okoutjaink kepek/ecoriad1.jpg'),
(591, 57, 'img/okoutjaink kepek/ecoriad2.jpg'),
(592, 57, 'img/okoutjaink kepek/ecoriad3.jpg'),
(593, 57, 'img/okoutjaink kepek/ecoriad4.jpg'),
(594, 59, 'img/okoutjaink kepek/ecocamp1.jpg'),
(595, 59, 'img/okoutjaink kepek/ecocamp2.jpg'),
(596, 59, 'img/okoutjaink kepek/ecocamp3.jpg'),
(597, 59, 'img/okoutjaink kepek/ecocamp4.jpg'),
(598, 69, 'img/okoutjaink kepek/ecopenzion1.jpg'),
(599, 69, 'img/okoutjaink kepek/ecopenzion2.jpg'),
(600, 69, 'img/okoutjaink kepek/ecopenzion3.jpg'),
(601, 69, 'img/okoutjaink kepek/ecopenzion4.jpg'),
(602, 69, 'img/okoutjaink kepek/ecopenzion5.jpg'),
(603, 75, 'img/okoutjaink kepek/greenstayhamburg1.jpg'),
(604, 75, 'img/okoutjaink kepek/greenstayhamburg2.jpg'),
(605, 75, 'img/okoutjaink kepek/greenstayhamburg3.jpg'),
(606, 66, 'img/okoutjaink kepek/ecoretreat1.jpg'),
(607, 66, 'img/okoutjaink kepek/ecoretreat2.jpg'),
(608, 66, 'img/okoutjaink kepek/ecoretreat3.jpg'),
(609, 67, 'img/okoutjaink kepek/greenstay1.jpg'),
(610, 67, 'img/okoutjaink kepek/greenstay2.jpg'),
(611, 67, 'img/okoutjaink kepek/greenstay3.jpg'),
(612, 67, 'img/okoutjaink kepek/greenstay4.jpg'),
(613, 61, 'img/okoutjaink kepek/guesthouse1.jpg'),
(614, 61, 'img/okoutjaink kepek/guesthouse2.jpg'),
(615, 61, 'img/okoutjaink kepek/guesthouse3.jpg'),
(616, 61, 'img/okoutjaink kepek/guesthouse4.jpg'),
(617, 62, 'img/okoutjaink kepek/greenbay1.jpg'),
(618, 62, 'img/okoutjaink kepek/greenbay2.jpg'),
(619, 62, 'img/okoutjaink kepek/greenbay3.jpg'),
(620, 62, 'img/okoutjaink kepek/greenbay4.jpg'),
(621, 63, 'img/okoutjaink kepek/ecoresort1.jpg'),
(622, 63, 'img/okoutjaink kepek/ecoresort2.jpg'),
(623, 63, 'img/okoutjaink kepek/ecoresort3.jpg'),
(624, 63, 'img/okoutjaink kepek/ecoresort4.jpg'),
(625, 64, 'img/okoutjaink kepek/Sustainable1.jpg'),
(626, 64, 'img/okoutjaink kepek/Sustainable2.jpg'),
(627, 64, 'img/okoutjaink kepek/Sustainable3.jpg'),
(628, 64, 'img/okoutjaink kepek/Sustainable4.jpg'),
(629, 137, 'img/okoutjaink kepek/nomadhotel1.jpg'),
(630, 137, 'img/okoutjaink kepek/nomadhotel2.jpg'),
(631, 137, 'img/okoutjaink kepek/nomadhotel3.jpg'),
(632, 137, 'img/okoutjaink kepek/nomadhotel4.jpg'),
(633, 137, 'img/okoutjaink kepek/nomadhotel5.jpg'),
(634, 138, 'img/okoutjaink kepek/eremito1.jpg'),
(635, 138, 'img/okoutjaink kepek/eremito2.jpg'),
(636, 138, 'img/okoutjaink kepek/eremito3.jpg'),
(637, 138, 'img/okoutjaink kepek/eremito4.jpg'),
(639, 139, 'img/okoutjaink kepek/agriturismo1.jpg'),
(640, 139, 'img/okoutjaink kepek/agriturismo2.jpg'),
(641, 139, 'img/okoutjaink kepek/agriturismo3.jpg'),
(642, 139, 'img/okoutjaink kepek/agriturismo4.jpg'),
(643, 139, 'img/okoutjaink kepek/agriturismo5.jpg'),
(644, 140, 'img/okoutjaink kepek/lagree1.jpg'),
(645, 140, 'img/okoutjaink kepek/lagree2.jpg'),
(646, 140, 'img/okoutjaink kepek/lagree3.jpg'),
(647, 140, 'img/okoutjaink kepek/lagree4.jpg'),
(648, 140, 'img/okoutjaink kepek/lagree5.jpg'),
(649, 141, 'img/okoutjaink kepek/huttopia1.jpg'),
(650, 141, 'img/okoutjaink kepek/huttopia2.jpg'),
(651, 141, 'img/okoutjaink kepek/huttopia3.jpg'),
(652, 141, 'img/okoutjaink kepek/huttopia4.jpg'),
(653, 141, 'img/okoutjaink kepek/huttopia5.jpg'),
(679, 142, 'img/utjaink kepek/clark1.jpg'),
(680, 142, 'img/utjaink kepek/clark2.jpg'),
(681, 142, 'img/utjaink kepek/clark3.jpg'),
(682, 142, 'img/utjaink kepek/clark4.jpg'),
(683, 142, 'img/utjaink kepek/clark5.jpg'),
(684, 143, 'img/utjaink kepek/splendid1.jpg'),
(685, 143, 'img/utjaink kepek/splendid2.jpg'),
(686, 143, 'img/utjaink kepek/splendid3.jpg'),
(687, 143, 'img/utjaink kepek/splendid4.jpg'),
(688, 143, 'img/utjaink kepek/splendid5.jpg'),
(689, 144, 'img/utjaink kepek/maison1.jpg'),
(690, 144, 'img/utjaink kepek/maison2.jpg'),
(691, 144, 'img/utjaink kepek/maison3.jpg'),
(692, 144, 'img/utjaink kepek/maison4.jpg'),
(693, 144, 'img/utjaink kepek/maison5.jpg'),
(694, 145, 'img/utjaink kepek/radisson1.jpg'),
(695, 145, 'img/utjaink kepek/radisson2.jpg'),
(696, 145, 'img/utjaink kepek/radisson3.jpg'),
(697, 145, 'img/utjaink kepek/radisson4.jpg'),
(698, 145, 'img/utjaink kepek/radisson5.jpg'),
(699, 146, 'img/utjaink kepek/maisonchiberta1.jpg'),
(700, 146, 'img/utjaink kepek/maisonchiberta2.jpg'),
(701, 146, 'img/utjaink kepek/maisonchiberta3.jpg'),
(702, 146, 'img/utjaink kepek/maisonchiberta4.jpg'),
(703, 146, 'img/utjaink kepek/maisonchiberta5.jpg');

-- --------------------------------------------------------

--
-- Tábla szerkezet ehhez a táblához `trip_map_locations`
--

CREATE TABLE `trip_map_locations` (
  `id` int(11) NOT NULL,
  `trips_id` int(11) NOT NULL,
  `description` text NOT NULL,
  `latitude` decimal(10,7) NOT NULL,
  `longitude` decimal(10,7) NOT NULL,
  `created_at` timestamp NOT NULL DEFAULT current_timestamp()
) ENGINE=InnoDB DEFAULT CHARSET=utf8mb4 COLLATE=utf8mb4_general_ci;

--
-- A tábla adatainak kiíratása `trip_map_locations`
--

INSERT INTO `trip_map_locations` (`id`, `trips_id`, `description`, `latitude`, `longitude`, `created_at`) VALUES
(65, 5, 'Központi elhelyezkedés, modern szobák, tetőtéri étterem csodás panorámával.', 41.9008435, 12.4936500, '2026-01-17 16:19:18'),
(66, 6, 'Vidéki hangulat szőlőültetvények között, családias vendéglátással.', 43.9970126, 11.4421213, '2026-01-17 16:19:18'),
(67, 7, 'Tengerparti elegancia, Vezúvra néző kilátással és wellness szolgáltatásokkal.', 40.8301685, 14.2481642, '2026-01-17 16:19:18'),
(68, 8, 'Történelmi palotából kialakított luxushotel a város szívében.', 43.7700891, 11.2605711, '2026-01-17 16:19:18'),
(69, 77, 'Különleges szálloda az Alhambra területén, történelmi környezetben.', 37.1758758, -3.5872864, '2026-01-17 16:19:18'),
(70, 78, 'Modern butikhotel a Rambla közelében, tetőtéri pihenővel.', 41.3835070, 2.1690984, '2026-01-17 16:19:18'),
(71, 79, 'Ikonikus luxushotel, klasszikus stílusban, a Prado Múzeum mellett.', 40.4158530, -3.6923977, '2026-01-17 16:19:18'),
(72, 80, 'Modern szálloda központi fekvéssel és tetőtéri medencével.', 36.7114020, -4.4317510, '2026-01-17 16:19:18'),
(73, 81, 'Világhírű luxus, a Staatsoper mellett, elegáns környezettel.', 48.2042965, 16.3712693, '2026-01-17 16:19:18'),
(74, 82, 'Alpesi faházak hegyi panorámával, wellness és síelési lehetőség.', 47.4031354, 11.9410813, '2026-01-17 16:19:18'),
(75, 83, 'Központi fekvés, kényelmes szobák és könnyű elérhetőség.', 48.2062685, 16.3714816, '2026-01-17 16:19:18'),
(76, 84, 'Történelmi hangulat a híres Getreidegassén.', 47.7999318, 13.0419427, '2026-01-17 16:19:18'),
(77, 1, 'Zenére hangolt luxushotel tetőtéri bárral, Bazilika mellett.', 47.4999572, 19.0542191, '2026-01-17 16:19:18'),
(78, 2, 'Kastélyszálló a Hámori-tó partján, természetközeli élmény.', 48.1048973, 20.6237752, '2026-01-17 16:19:18'),
(79, 89, 'Ikonikus luxus a Louvre közelében, elegáns szobákkal.', 48.8653088, 2.3284908, '2026-01-17 16:19:18'),
(80, 90, 'Tengerpart közeli, modern hotel kényelmes elhelyezkedéssel.', 43.7037362, 7.2667034, '2026-01-17 16:19:18'),
(81, 91, 'Fiatalos, modern szállás, családbarát árakkal.', 45.7593346, 4.8613862, '2026-01-17 16:19:18'),
(82, 92, 'Történelmi épületből kialakított luxushotel panorámás kilátással.', 43.2987219, 5.3699076, '2026-01-17 16:19:18'),
(83, 93, 'Luxus szálloda a Plaka negyedben, Akropolisz kilátással.', 37.9737735, 23.7316799, '2026-01-17 16:19:18'),
(84, 94, 'Tengerparti resort privát stranddal és medencékkel.', 35.2927668, 25.7266840, '2026-01-17 16:19:18'),
(85, 95, 'Barátságos családi hotel fehérre meszelt falakkal, kék kupolákkal.', 36.4230860, 25.4347928, '2026-01-17 16:19:18'),
(86, 96, 'Elegáns városi szállás tengerparti sétány mellett.', 40.6186113, 22.9535410, '2026-01-17 16:19:18'),
(87, 97, 'Közvetlen tengerparti szálloda, wellness részleggel és panorámás kilátással.', 42.6513361, 18.0615688, '2026-01-17 16:19:18'),
(88, 98, 'Családbarát üdülő, animációs programokkal és strandközelséggel.', 45.2985066, 13.5783312, '2026-01-17 16:19:18'),
(89, 99, 'Történelmi elegancia, modern kényelemmel, a főváros szívében.', 45.8054234, 15.9761676, '2026-01-17 16:19:18'),
(90, 100, 'Vízi élménypark és tengerparti szórakozás egy helyen.', 43.6957983, 15.8845298, '2026-01-17 16:19:18'),
(91, 101, 'Luxus panorámával a Boszporuszra, modern szobákkal.', 41.0413745, 28.9984512, '2026-01-17 16:19:18'),
(92, 102, 'Hangulatos, családias hotel a Hagia Sophia közelében.', 41.0062088, 28.9796950, '2026-01-17 16:19:18'),
(93, 103, 'Tengerparti resort minden igényt kielégítő szolgáltatásokkal.', 36.8575360, 30.8899259, '2026-01-17 16:19:18'),
(94, 104, 'Városi szálloda tengerparti fekvéssel, wellness és medence.', 36.8643813, 30.7263279, '2026-01-17 16:19:18'),
(95, 105, 'Luxus a Nílus partján, panorámás szobákkal.', 25.6876651, 32.6311577, '2026-01-17 16:19:18'),
(96, 106, 'Modern szálloda saját stranddal és tetőtéri bárral.', 31.2618857, 29.9841673, '2026-01-17 16:19:18'),
(97, 108, 'Kedvező árú szállás közvetlenül a tengerparton.', 27.1640620, 34.0019834, '2026-01-17 16:19:18'),
(98, 113, 'Ázsiai luxus a Chao Phraya partján.', 25.2169384, 55.2511687, '2026-01-17 16:19:18'),
(99, 114, 'Tengerparti szálloda saját öbölben, wellness szolgáltatásokkal.', 7.8867946, 98.2859848, '2026-01-17 16:19:18'),
(100, 115, 'Fiatalos, modern szállás központi elhelyezkedéssel.', 7.8977280, 98.2986897, '2026-01-17 16:19:18'),
(101, 117, 'Legendás luxushotel pazar kerttel és marokkói hangulattal.', 31.6216655, -7.9973593, '2026-01-17 16:19:18'),
(102, 118, 'Tradicionális riad modern kényelemmel.', 31.6325083, -7.9908605, '2026-01-17 16:19:18'),
(103, 119, 'Felhőkarcoló hotel lenyűgöző városi kilátással.', 33.5868629, -7.6313034, '2026-01-17 16:19:18'),
(104, 120, 'Egyszerűbb, de hangulatos városi szállás központi fekvéssel.', 33.6000515, -7.6172117, '2026-01-17 16:19:18'),
(105, 121, 'Klasszikus luxus, központi fekvéssel és wellness szolgáltatásokkal.', 35.8942725, 14.4493489, '2026-01-17 16:19:18'),
(106, 122, 'Családbarát resort medencékkel és programokkal.', 35.9532101, 14.4190433, '2026-01-17 16:19:18'),
(107, 124, 'Kedvező árú szálloda közvetlen tengerparti sétány mellett.', 35.9063909, 14.4976013, '2026-01-17 16:19:18'),
(108, 125, 'Történelmi palota luxus szállásként, gyönyörű kerttel.', 38.7036036, -9.1862981, '2026-01-17 16:19:18'),
(109, 126, 'Modern városi hotel, központi elhelyezkedéssel.', 38.7122575, -9.1371162, '2026-01-17 16:19:18'),
(110, 127, 'Szálloda a sziklás tengerparton, lélegzetelállító kilátással.', 37.0940031, -8.4600925, '2026-01-17 16:19:18'),
(111, 128, 'Megfizethető árú, barátságos szállás medencével.', 37.0807346, -8.2785423, '2026-01-17 16:19:18'),
(112, 129, 'Luxus a Moldva partján, történelmi környezetben.', 50.0876012, 14.4152618, '2026-01-17 16:19:18'),
(113, 130, 'Art Nouveau stílusú elegáns szálloda a belvárosban.', 50.0881376, 14.4275976, '2026-01-17 16:19:18'),
(114, 131, 'Kényelmes szobák, jó elhelyezkedéssel.', 50.0713281, 14.3970242, '2026-01-17 16:19:18'),
(115, 132, 'Családias hangulatú, megfizethető szállás.', 50.0751451, 14.4339888, '2026-01-17 16:19:18'),
(116, 133, 'Ikonikus luxus közvetlenül a Brandenburgi kapu mellett.', 52.5161174, 13.3801237, '2026-01-17 16:19:18'),
(117, 134, 'Történelmi luxus, a város szívében.', 48.1404472, 11.5741823, '2026-01-17 16:19:18'),
(118, 135, 'Modern üzleti hotel központi fekvéssel.', 50.1077879, 8.6554865, '2026-01-17 16:19:18'),
(119, 136, 'Megfizethető városi szállás reggelivel.', 53.5626234, 10.0325109, '2026-01-17 16:19:18'),
(120, 13, 'Fenntartható szálloda energiatakarékos szobákkal, organikus étteremmel.', 45.4848085, 9.2076293, '2026-01-17 16:21:24'),
(121, 14, 'Vidéki menedékház organikus reggelivel, bio kozmetikumokkal.', 36.7751265, 14.8664143, '2026-01-17 16:21:24'),
(122, 15, 'Hegyi lodge, fenntartható felújítás, helyi kultúra tisztelete.', 46.6365510, 11.5310662, '2026-01-17 16:21:24'),
(123, 16, 'Luxus öko-szállás, organikus gazdaság és helyi termények.', 37.6741379, 15.1090969, '2026-01-17 16:21:24'),
(124, 17, 'Öko-szállás organikus kerttel és helyi termékekkel.', 37.1328805, -8.5398602, '2026-01-17 16:21:24'),
(125, 18, 'Biosphere tanúsítvány, fenntartható életmód, környezetbarát kozmetikumok.', 41.3835268, 2.1711080, '2026-01-17 16:21:24'),
(126, 19, 'Modern dizájn, fenntartható megoldások.', 37.3894754, -5.9746312, '2026-01-17 16:21:24'),
(127, 20, 'Környezetbarát kozmetikumok, Barcelona+Sustainable hálózat.', 41.3798606, 2.1806556, '2026-01-17 16:21:24'),
(128, 21, 'Zöld kezdeményezések, helyi termékek.', 48.2150312, 16.3403904, '2026-01-17 16:21:24'),
(129, 22, 'Modern fenntarthatósági megoldások.', 48.1975735, 16.3688192, '2026-01-17 16:21:24'),
(130, 23, 'Környezetvédelem és helyi kultúra hangsúly.', 48.2199506, 16.3599719, '2026-01-17 16:21:24'),
(131, 24, 'Fenntartható faházak, helyi ökoszisztéma tisztelete.', 47.2481945, 9.9187380, '2026-01-17 16:21:24'),
(132, 9, 'Zöld környezet, helyi termékek.', 47.5008081, 19.1112074, '2026-01-17 16:21:24'),
(133, 10, 'Művészeti szálloda, ökológiai kezdeményezések.', 47.4886748, 19.0557857, '2026-01-17 16:21:24'),
(134, 11, 'Modern fenntarthatósági megoldások.', 47.4970634, 19.0673811, '2026-01-17 16:21:24'),
(135, 12, 'Luxus szállás, fenntarthatóság.', 47.4975075, 19.0482381, '2026-01-17 16:21:24'),
(136, 29, 'Luxus öko-szállás bambuszerdővel.', 43.5956875, 3.8152215, '2026-01-17 16:21:24'),
(137, 30, 'Fenntartható szállás Provence-ban.', 43.4714232, 4.4020368, '2026-01-17 16:21:24'),
(138, 31, 'Öko-kabinszállások természetközeli élménnyel.', 43.1407005, 2.2037429, '2026-01-17 16:21:24'),
(139, 32, 'Helyi kultúra és környezetvédelem.', 44.3153657, 4.3521982, '2026-01-17 16:21:24'),
(140, 33, 'Fenntartható apartman, faültetés minden tartózkodás után.', 37.8887458, 20.6915598, '2026-01-17 16:21:25'),
(141, 34, 'Organikus farm, helyi termékek.', 36.9217291, 22.7326347, '2026-01-17 16:21:25'),
(142, 35, 'Fenntartható villák, helyi kultúra tisztelete.', 36.4315398, 25.4251640, '2026-01-17 16:21:25'),
(143, 36, 'Fenntartható szállás, helyi kultúra és környezetvédelem.', 35.4939666, 24.0046579, '2026-01-17 16:21:25'),
(144, 37, 'Fenntartható apartmanok, helyi termékek.', 46.0005911, 14.4778561, '2026-01-17 16:21:25'),
(145, 38, 'Öko-luxus szállás, helyi ökoszisztéma tisztelete.', 43.5177509, 13.5945251, '2026-01-17 16:21:25'),
(146, 39, 'Fenntartható szállás, helyi kultúra és környezetvédelem.', 43.5029417, 16.4466236, '2026-01-17 16:21:25'),
(147, 40, 'Fenntartható szállás, családias hangulat.', 43.4470810, 16.6929137, '2026-01-17 16:21:25'),
(148, 41, 'Off-grid permakultúrás farm, helyi ökoszisztéma tisztelete.', 40.7633471, 31.6344620, '2026-01-17 16:21:25'),
(149, 42, 'Fenntartható visszavonulás organikus kerttel.', 36.6721819, 27.4105244, '2026-01-17 16:21:25'),
(150, 43, 'Fenntartható kemping, környezetvédelem és közösségi élmény.', 40.6792404, 30.0180374, '2026-01-17 16:21:25'),
(151, 44, 'Luxus fenntartható szállás, helyi kultúra tisztelete.', 38.6343416, 34.8070168, '2026-01-17 16:21:25'),
(152, 45, 'Fenntartható sivatagi szállás, helyi kultúra tisztelete.', 28.3851598, 28.9092869, '2026-01-17 16:21:25'),
(153, 46, 'Fenntartható falusi szállás, helyi közösség bevonásával.', 24.1090077, 32.8852790, '2026-01-17 16:21:25'),
(154, 47, 'Luxus öko-szállás, teljes energiafüggetlenséggel.', 24.2382990, 33.5744415, '2026-01-17 16:21:25'),
(155, 48, 'Városi öko-szállás, környezetbarát megoldásokkal.', 30.0501605, 31.2440226, '2026-01-17 16:21:25'),
(156, 49, 'Teljesen fenntartható luxus hotel, zöld energiával.', 25.0188602, 55.2463103, '2026-01-17 16:21:25'),
(157, 50, 'Környezetbarát szállás, helyi termékekkel.', 24.4584379, 54.3206807, '2026-01-17 16:21:25'),
(158, 51, 'Öko-apartmanok, fenntartható szolgáltatásokkal.', 25.3612685, 55.5556591, '2026-01-17 16:21:25'),
(159, 52, 'Fenntartható sivatagi lodge, zöld kezdeményezésekkel.', 25.5650039, 55.8218754, '2026-01-17 16:21:25'),
(160, 53, 'Öko-lodge organikus kerttel és helyi programokkal.', 9.1212792, 98.2514206, '2026-01-17 16:21:25'),
(161, 54, 'Luxus öko-villák, tengeri élővilág tisztelete.', 7.5771497, 99.0326968, '2026-01-17 16:21:25'),
(162, 55, 'Fenntartható resort, bambusz építészet.', 11.4214536, 107.4304658, '2026-01-17 16:21:25'),
(163, 56, 'Faépítésű öko-lodge, helyi közösséggel együttműködve.', 19.9578902, 99.8609128, '2026-01-17 16:21:25'),
(164, 57, 'Fenntartható városi szállás, helyi kézműves termékekkel.', 31.4681699, -7.8320471, '2026-01-17 16:21:25'),
(165, 58, 'Öko-lodge, természetközeli élménnyel.', 31.2138007, -8.2422030, '2026-01-17 16:21:25'),
(166, 59, 'Luxus sivatagi tábor fenntartható módon.', 31.1423976, -4.0299319, '2026-01-17 16:21:25'),
(167, 60, 'Öko-kasbah, helyi kultúra tisztelete.', 31.5492308, -4.0581841, '2026-01-17 16:21:25'),
(168, 61, 'Fenntartható városi vendégház, zöld kezdeményezésekkel.', 35.8801552, 14.5211191, '2026-01-17 16:21:25'),
(169, 62, 'Öko-hotel tengerparti elhelyezkedéssel.', 35.8726763, 14.4395509, '2026-01-17 16:21:25'),
(170, 63, 'Luxus fenntartható üdülőhely.', 36.0490847, 14.2740335, '2026-01-17 16:21:25'),
(171, 64, 'Öko-szállás történelmi környezetben.', 35.8863024, 14.4025878, '2026-01-17 16:21:25'),
(172, 65, 'Öko-lodge organikus farmmal.', 41.1521775, -8.5536360, '2026-01-17 16:21:25'),
(173, 66, 'Luxus fenntartható üdülőhely tengerparton.', 40.2717699, -7.6317044, '2026-01-17 16:21:25'),
(174, 67, 'Városi öko-szállás helyi termékekkel.', 38.7275560, -9.1349131, '2026-01-17 16:21:25'),
(175, 68, 'Öko-lodge hegyvidéki környezetben.', 32.6665080, -16.9143539, '2026-01-17 16:21:25'),
(176, 69, 'Fenntartható vendégház a város szívében.', 50.0753965, 14.4267840, '2026-01-17 16:21:25'),
(177, 70, 'Öko-hotel helyi termékekkel.', 49.1956866, 16.6074328, '2026-01-17 16:21:25'),
(178, 71, 'Luxus öko-lodge történelmi környezetben.', 48.8110725, 14.3156108, '2026-01-17 16:21:25'),
(179, 72, 'Öko-vendégház, fenntartható szolgáltatásokkal.', 50.2234062, 12.8826777, '2026-01-17 16:21:25'),
(180, 73, 'Fenntartható hotel városi környezetben.', 52.5200134, 13.3892780, '2026-01-17 16:21:25'),
(181, 74, 'Luxus öko-lodge a természetben.', 48.1400671, 11.5614608, '2026-01-17 16:21:25'),
(182, 75, 'Városi öko-szállás, helyi termékekkel.', 53.5466699, 9.9816862, '2026-01-17 16:21:25'),
(183, 76, 'Öko-hotel, fenntartható energiamegoldásokkal.', 48.1380225, 11.5613930, '2026-01-17 16:21:25');

-- --------------------------------------------------------

--
-- Tábla szerkezet ehhez a táblához `trip_routes`
--

CREATE TABLE `trip_routes` (
  `id` int(11) NOT NULL,
  `trip_id` int(11) NOT NULL,
  `route_text` varchar(255) NOT NULL
) ENGINE=InnoDB DEFAULT CHARSET=utf8mb4 COLLATE=utf8mb4_general_ci;

--
-- A tábla adatainak kiíratása `trip_routes`
--

INSERT INTO `trip_routes` (`id`, `trip_id`, `route_text`) VALUES
(1, 1, 'Gyalogosan 2 perc_Szent István-bazilika'),
(2, 1, 'M1 metró (Bajcsy-Zsilinszky út)_Andrássy út'),
(3, 1, 'M1/M2 átszállással_Hősök tere és Szépművészeti Múzeum'),
(4, 1, '2-es villamos_Duna-parti panorámasétány'),
(5, 1, 'Gyalogosan 10 perc_Vörösmarty tér és Váci utca'),
(11, 2, 'Gyalogosan közvetlenül_Lillafüredi függőkert és vízesés'),
(12, 2, 'Helyi busz (Miskolc–Lillafüred vonal)_Miskolctapolca Barlangfürdő'),
(13, 2, 'Helyi busz + kisvasút (LÁEV)_Garadna völgy'),
(14, 2, 'Helyi busz_Miskolc belvárosa'),
(15, 2, 'Gyalogos túraútvonalak_Bükk Nemzeti Park'),
(16, 3, '1-es villamos_Margit híd – Margitsziget'),
(17, 3, 'M3 metró (Dózsa György út)_Városliget'),
(18, 3, 'Gyalogosan 10–12 perc_Duna-parti futóút'),
(19, 3, 'M2/M3 átszállással_Deák Ferenc tér'),
(20, 3, '15-ös busz_Parlament'),
(21, 4, 'Gyalogosan 3 perc_Széchenyi tér'),
(22, 4, 'Helyi busz (Kossuth tér)_Pécsi Bazilika és Dóm tér'),
(23, 4, 'Helyi busz (48-as tér)_Zsolnay Negyed'),
(24, 4, 'Helyi busz (Kálvária út)_TV-torony'),
(25, 4, 'Gyalogosan 6–8 perc_Pécsi Nemzeti Színház'),
(26, 5, 'Metro A (Repubblica)_Trevi-kút'),
(27, 5, 'Metro A (Repubblica – Ottaviano)_Vatikán és Szent Péter-bazilika'),
(28, 5, 'Helyi busz (Via Nazionale)_Colosseum'),
(29, 5, 'Gyalogosan 10 perc_Piazza di Spagna'),
(30, 5, 'Metro A + gyalog_Pantheon'),
(31, 6, 'Helyi busz (Arezzo irányába) + taxi_Arezzo óvárosa'),
(32, 6, 'Helyi busz + regionális vonat_Cortona történelmi központ'),
(33, 6, 'Regionális vonat (Arezzo–Firenze)_Firenze belvárosa'),
(34, 6, 'Helyi busz + gyalogos megközelítés_Toszkán vidéki túraösvények'),
(35, 6, 'Taxi vagy helyi busz_Santa Maria della Pieve templom'),
(36, 7, 'Gyalogosan 5 perc_Castel dell’Ovo'),
(37, 7, 'Helyi busz (Via Partenope)_Piazza del Plebiscito'),
(38, 7, 'Helyi busz + metró Linea 1 (Toledo)_Spaccanapoli'),
(39, 7, 'Regionális vonat (Napoli Centrale–Pompei)_Pompeji régészeti park'),
(40, 7, 'Metró Linea 2 (Napoli Campi Flegrei)_Pozzuoli vulkanikus övezet'),
(41, 8, 'Gyalogosan 2 perc_Piazza della Signoria'),
(42, 8, 'Gyalogosan 5 perc_Uffizi Galéria'),
(43, 8, 'Helyi busz (Santa Maria Novella)_Ponte Vecchio'),
(44, 8, 'Helyi busz (Line C2)_Santa Croce negyed'),
(45, 8, 'Regionális vonat (Firenze SMN)_Pisa városközpont'),
(46, 9, 'M2 metró (Stadionok megálló), gyalogosan 2 perc_Puskás Aréna'),
(47, 9, 'M2 metróval (Deák tér irányába)_Városliget'),
(48, 9, 'M2 metró + rövid gyalogos megközelítés_Vajdahunyad vára'),
(49, 9, 'M2 metró + 1-es villamos_Hősök tere'),
(50, 9, 'M2 metró + gyalogosan 8–10 perc_Széchenyi Gyógyfürdő'),
(51, 10, 'Gyalogosan 5 perc_Központi Vásárcsarnok'),
(52, 10, 'M4 metró (Fővám tér)_Gellért Gyógyfürdő'),
(53, 10, '2-es villamos_Országház'),
(54, 10, 'Gyalogosan 10 perc_Váci utca'),
(55, 10, '2-es villamos + rövid séta_Budai Várnegyed'),
(56, 11, 'Gyalogosan 5 perc_Dohány utcai Zsinagóga'),
(57, 11, 'M2 metró (Blaha Lujza tér)_Magyar Állami Operaház'),
(58, 11, 'M1 metró (Oktogon irányába)_Andrássy út'),
(59, 11, '4–6 villamos_Erzsébet körút étterem- és kávézónegyede'),
(60, 11, 'M1 metró_Hősök tere és Szépművészeti Múzeum'),
(61, 12, 'Gyalogosan közvetlenül_Duna-parti sétány'),
(62, 12, 'Gyalogosan 5 perc_Vörösmarty tér'),
(63, 12, '2-es villamos_Országház'),
(64, 12, '16-os busz_Budai Vár'),
(65, 12, 'Gyalogosan 10 perc_Lánchíd'),
(66, 13, 'Gyalogosan 3 perc a Milano Centrale állomáshoz_Milano Duomo'),
(67, 13, 'M3 metró (Centrale FS–Duomo vonal)_Galleria Vittorio Emanuele II'),
(68, 13, 'M3 metró + gyalogosan 5 perc_Castello Sforzesco'),
(69, 13, 'M2 metró (Centrale FS–Lanza)_Brera művészeti negyed'),
(70, 13, 'Regionális vonat (Milano Centrale–Monza)_Monzai Királyi Park'),
(71, 14, 'Helyi busz (Trento–Pinzolo vonal) + resort shuttle_Madonna di Campiglio síterep'),
(72, 14, 'Helyi busz (Pinzolo megálló) + gyalogosan_Pinzolo központ'),
(73, 14, 'Resort shuttle_Brenta Dolomitok túraútvonalai'),
(74, 14, 'Helyi busz (Madonna di Campiglio irányába)_Cascate di Nardis vízesések'),
(75, 14, 'Regionális busz (Trento–Pinzolo)_Trento történelmi városközpontja'),
(76, 15, 'Helyi busz (Villandro–Bressanone)_Brixen óvárosa'),
(77, 15, 'Helyi busz (Villandro irányába) + gyalogosan_Villandro faluközpont'),
(78, 15, 'Regionális busz (Brixen–Castelrotto)_Alpe di Siusi sí- és túraterület'),
(79, 15, 'Gyalogos túraút_Villandro alpesi panoráma'),
(80, 15, 'Helyi busz + gyalog_Villandro Silver Mine (bánya múzeum)'),
(81, 16, 'Helyi busz (Zafferana Etnea irányába) + taxi_Etna Nemzeti Park'),
(82, 16, 'Regionális busz (Zafferana–Taormina)_Taormina városközpont'),
(83, 16, 'Helyi busz + gyalogosan_Zafferana Etnea település'),
(84, 16, 'Regionális busz (Zafferana–Catania)_Catania történelmi központja'),
(85, 16, 'Gyalogosan / helyi útvonal_Szicíliai borászatok és birtokok'),
(86, 77, 'Gyalogosan közvetlenül_Alhambra palota'),
(87, 77, 'Gyalogosan 10 perc_Generalife kertek'),
(88, 77, 'Helyi busz (C30/C32)_Albaicín óváros'),
(89, 77, 'Helyi busz_Granada katedrális'),
(90, 77, 'Helyi busz + gyalog_Carrera del Darro sétány'),
(91, 78, 'Gyalogosan 5 perc_La Rambla'),
(92, 78, 'M3 metró (Liceu)_Plaça de Catalunya'),
(93, 78, 'M4 metró_Barceloneta strand'),
(94, 78, 'M2 metró_Sagrada Família'),
(95, 78, 'Gyalogosan 10 perc_El Raval negyed'),
(96, 79, 'Gyalogosan 3 perc_Prado Múzeum'),
(97, 79, 'Gyalogosan 10 perc_Retiro park'),
(98, 79, 'M1 metró_Gran Vía'),
(99, 79, 'M2 metró_Plaza Mayor'),
(100, 79, 'Gyalogosan 15 perc_Thyssen-Bornemisza Múzeum'),
(101, 80, 'Gyalogosan 10 perc_Málaga történelmi központ'),
(102, 80, 'Helyi busz_Alcazaba erőd'),
(103, 80, 'Helyi busz_Picasso Múzeum'),
(104, 80, 'Elővárosi vonat_La Malagueta strand'),
(105, 80, 'Helyi busz + gyalog_Gibralfaro kastély'),
(106, 81, 'Gyalogosan 2 perc_Staatsoper'),
(107, 81, 'Gyalogosan 10 perc_Stephansdom'),
(108, 81, 'U-Bahn U1/U3_Schönbrunn kastély'),
(109, 81, 'Villamos_Belvedere palota'),
(110, 81, 'Gyalogosan 8 perc_Hofburg palota'),
(111, 82, 'Gyalogos túraút_Alpbach alpesi túraösvények'),
(112, 82, 'Helyi busz_Alpbach faluközpont'),
(113, 82, 'Helyi busz + felvonó_Ski Juwel Alpbachtal'),
(114, 82, 'Regionális busz_Innsbruck városközpont'),
(115, 82, 'Gyalogosan_Reitherkogel kilátópont'),
(116, 83, 'Gyalogosan 10 perc_Mirabell-kert'),
(117, 83, 'Gyalogosan 15 perc_Getreidegasse'),
(118, 83, 'Helyi busz_Hohensalzburg vára'),
(119, 83, 'Regionális vonat_Salzkammergut'),
(120, 83, 'Gyalogosan_Salzburg Dom'),
(121, 84, 'Gyalogosan közvetlenül_Getreidegasse'),
(122, 84, 'Gyalogosan 10 perc_Mozart szülőháza'),
(123, 84, 'Sikló + gyalog_Hohensalzburg vára'),
(124, 84, 'Helyi busz_Hellbrunn kastély'),
(125, 84, 'Gyalogosan_Residenzplatz tér'),
(126, 89, 'Gyalogosan 5 perc_Louvre Múzeum'),
(127, 89, 'Gyalogosan 10 perc_Tuileriák kertje'),
(128, 89, 'M1 metró_Champs-Élysées'),
(129, 89, 'M6 metró_Eiffel-torony'),
(130, 89, 'Gyalogosan_Pont Neuf és Szajna-part'),
(131, 90, 'Gyalogosan 5 perc_Promenade des Anglais'),
(132, 90, 'Villamos_Óváros (Vieux Nice)'),
(133, 90, 'Helyi busz_Monaco'),
(134, 90, 'Regionális vonat_Cannes'),
(135, 90, 'Gyalogosan_Cours Saleya piac'),
(136, 91, 'M1 metró_Vieux Lyon'),
(137, 91, 'Villamos_Part-Dieu negyed'),
(138, 91, 'Metró + gyalog_Fourvière bazilika'),
(139, 91, 'Gyalogosan_Rhône-parti sétány'),
(140, 91, 'Helyi busz_Confluence negyed'),
(141, 92, 'Gyalogosan 5 perc_Vieux-Port'),
(142, 92, 'Helyi busz_Notre-Dame de la Garde'),
(143, 92, 'Hajójárat_Calanques Nemzeti Park'),
(144, 92, 'Villamos_Le Panier negyed'),
(145, 92, 'Gyalogosan_MuCEM – Mediterrán Múzeum'),
(146, 93, 'Gyalogosan 5 perc_Akropolisz'),
(147, 93, 'Gyalogosan_Plaka óváros'),
(148, 93, 'Metró_Syntagma tér'),
(149, 93, 'Metró + villamos_Pireusz kikötő'),
(150, 93, 'Gyalogosan_Monastiraki piac'),
(151, 94, 'Gyalogosan_Privát strand'),
(152, 94, 'Helyi busz_Agios Nikolaos'),
(153, 94, 'Hajó_Spinalonga sziget'),
(154, 94, 'Helyi busz_Elounda falucska'),
(155, 94, 'Helyi busz_Kriti Múzeum'),
(156, 95, 'Gyalogosan_Fira központ'),
(157, 95, 'Helyi busz_Oia'),
(158, 95, 'Helyi busz_Kamari Beach'),
(159, 95, 'Helyi busz_Akrotiri régészeti lelőhely'),
(160, 95, 'Gyalogosan_Firostefani kilátó'),
(161, 96, 'Gyalogosan_Tengerparti sétány'),
(162, 96, 'Helyi busz_Fehér torony'),
(163, 96, 'Helyi busz_Ano Poli óváros'),
(164, 96, 'Regionális busz_Halkidiki strandok'),
(165, 96, 'Helyi busz_Aris stadion'),
(166, 97, 'Helyi busz_Dubrovnik óváros'),
(167, 97, 'Hajó_Elafiti-szigetek'),
(168, 97, 'Gyalogosan_Lapad sétány'),
(169, 97, 'Helyi busz_Mount Srđ kilátópont'),
(170, 97, 'Helyi busz_Buza strand'),
(171, 98, 'Gyalogosan_Strandok'),
(172, 98, 'Helyi busz_Poreč óváros'),
(173, 98, 'Hajó_Rovinj'),
(174, 98, 'Kerékpárút_Isztriai borvidék'),
(175, 98, 'Helyi busz_Euphrasius-bazilika'),
(176, 99, 'Gyalogosan_Főpályaudvar'),
(177, 99, 'Villamos_Ban Jelačić tér'),
(178, 99, 'Villamos_Felsőváros (Gornji Grad)'),
(179, 99, 'Helyi busz_Maksimir park'),
(180, 99, 'Gyalogosan_Mirogoj temető'),
(181, 100, 'Gyalogosan_Aquapark'),
(182, 100, 'Helyi busz_Šibenik óváros'),
(183, 100, 'Hajó_Krka Nemzeti Park'),
(184, 100, 'Helyi busz_Szent Jakab-katedrális'),
(185, 100, 'Gyalogosan_Tengerparti sétány'),
(186, 101, 'Gyalogosan_Boszporusz-part'),
(187, 101, 'Villamos_Taksim tér'),
(188, 101, 'Hajó_Ázsiai oldal (Üsküdar)'),
(189, 101, 'Metró_Grand Bazaar'),
(190, 101, 'Gyalogosan_Dolmabahçe palota'),
(191, 102, 'Gyalogosan 2 perc_Hagia Sophia'),
(192, 102, 'Gyalogosan_Kék Mecset'),
(193, 102, 'Villamos_Grand Bazaar'),
(194, 102, 'Hajó_Boszporusz hajózás'),
(195, 102, 'Gyalogosan_Topkapi palota'),
(196, 103, 'Gyalogosan_Privát strand'),
(197, 103, 'Helyi busz_Antalya óváros (Kaleiçi)'),
(198, 103, 'Helyi busz_Düden vízesés'),
(199, 103, 'Kirándulóbusz_Aspendos színház'),
(200, 103, 'Helyi busz_Konyaaltı strand'),
(201, 104, 'Gyalogosan_Tengerparti sétány'),
(202, 104, 'Helyi busz_Kaleiçi'),
(203, 104, 'Helyi busz_Antalya Múzeum'),
(204, 104, 'Kirándulóbusz_Termessos romváros'),
(205, 104, 'Gyalogosan_Karaalioglu park'),
(206, 105, 'Gyalogosan_Luxori templom'),
(207, 105, 'Helyi hajójárat_Nílusi hajókirándulás'),
(208, 105, 'Helyi busz + gyalog_Karnaki templom'),
(209, 105, 'Kirándulóbusz_Királyok völgye'),
(210, 105, 'Kirándulóbusz_Hatsepszut temploma'),
(211, 106, 'Gyalogosan_Corniche tengerparti sétány'),
(212, 106, 'Helyi busz_Alexandria Nemzeti Múzeum'),
(213, 106, 'Helyi busz_Qaitbay erőd'),
(214, 106, 'Helyi busz_Montaza palota'),
(215, 106, 'Villamos_Városközpont'),
(216, 107, 'Gyalogosan_Privát strand'),
(217, 107, 'Hajókirándulás_Ras Mohammed Nemzeti Park'),
(218, 107, 'Helyi busz_Naama Bay sétány'),
(219, 107, 'Hajó_Tengerparti korallzátony'),
(220, 107, 'Gyalogosan_Öböl környéki kilátópont'),
(221, 108, 'Gyalogosan_Privát strand'),
(222, 108, 'Helyi busz_Marina negyed'),
(223, 108, 'Hajó_Giftun-szigetek'),
(224, 108, 'Helyi busz_Hurghada óváros'),
(225, 108, 'Hajókirándulás_Korallzátony snorkeling'),
(226, 109, 'Gyalogosan_Privát strand'),
(227, 109, 'Taxi_Madinat Jumeirah piac'),
(228, 109, 'Taxi_Jumeirah Beach Park'),
(229, 109, 'Hajókirándulás_Dubai Marina'),
(230, 109, 'Gyalogosan_Wild Wadi vízi park'),
(231, 110, 'Gyalogosan_Aquaventure vízi park'),
(232, 110, 'Gyalogosan_Lost Chambers akvárium'),
(233, 110, 'Taxi_The Palm Jumeirah kilátópont'),
(234, 110, 'Hajó_Dubai Marina hajózás'),
(235, 110, 'Taxi_Souk Madinat Jumeirah'),
(236, 111, 'Gyalogosan_Burj Khalifa'),
(237, 111, 'Gyalogosan_Dubai Mall'),
(238, 111, 'Metro Red Line_Dubai Opera'),
(239, 111, 'Metro Red Line_Souk Al Bahar'),
(240, 111, 'Gyalogosan_Dubai Fountain'),
(241, 112, 'Gyalogosan_Privát strand'),
(242, 112, 'Taxi_Wild Wadi vízi park'),
(243, 112, 'Gyalogosan_Burj Al Arab kilátó'),
(244, 112, 'Taxi_Mall of the Emirates'),
(245, 112, 'Hajó_Dubai Marina hajózás'),
(246, 113, 'Gyalogosan_Chao Phraya part'),
(247, 113, 'Hajó_Wat Arun'),
(248, 113, 'Helyi hajó + gyalog_Grand Palace'),
(249, 113, 'Taxi_Wat Pho'),
(250, 113, 'Gyalogosan_Asiatique Riverfront'),
(251, 114, 'Gyalogosan_Patong Beach'),
(252, 114, 'Taxi_Bangla Road'),
(253, 114, 'Hajó_Phi Phi szigetek'),
(254, 114, 'Taxi_Phuket óváros'),
(255, 114, 'Gyalogosan_Paradise Beach kilátó'),
(256, 115, 'Gyalogosan_Patong Beach'),
(257, 115, 'Gyalogosan_Bangla Road'),
(258, 115, 'Taxi_Jungceylon bevásárlóközpont'),
(259, 115, 'Taxi_Freedom Beach'),
(260, 115, 'Gyalogosan_Patong piac'),
(261, 116, 'Gyalogosan_Privát strand'),
(262, 116, 'Taxi_Big Buddha templom'),
(263, 116, 'Hajó_Koh Phangan'),
(264, 116, 'Taxi_Fisherman’s Village'),
(265, 116, 'Gyalogosan_Choengmon piac'),
(266, 117, 'Gyalogosan_Jemaa el-Fnaa tér'),
(267, 117, 'Gyalogosan_Medina óváros'),
(268, 117, 'Helyi busz_Majorelle kert'),
(269, 117, 'Helyi busz_Koutoubia mecset'),
(270, 117, 'Taxi_Saadian sírok'),
(271, 118, 'Gyalogosan_Jemaa el-Fnaa tér'),
(272, 118, 'Gyalogosan_Medina piacok'),
(273, 118, 'Helyi busz_Majorelle kert'),
(274, 118, 'Taxi_Bahia palota'),
(275, 118, 'Gyalogosan_Marrakech múzeum'),
(276, 119, 'Gyalogosan_Hassan II mecset'),
(277, 119, 'Taxi_Corniche sétány'),
(278, 119, 'Helyi busz_Casablanca óváros'),
(279, 119, 'Taxi_Morocco Mall'),
(280, 119, 'Helyi busz_Anfa Place bevásárlóközpont'),
(281, 120, 'Gyalogosan_Hassan II mecset'),
(282, 120, 'Gyalogosan_Casablanca óváros'),
(283, 120, 'Helyi busz_Mahkama du Pacha'),
(284, 120, 'Taxi_Corniche tengerpart'),
(285, 120, 'Helyi busz_Morocco Mall'),
(286, 121, 'Taxi_Mdina városfalak'),
(287, 121, 'Taxi_Rabat templomok'),
(288, 121, 'Taxi_Popeye Village'),
(289, 121, 'Taxi_St. Paul’s Bay'),
(290, 121, 'Taxi_Golden Bay strand'),
(291, 122, 'Gyalogosan_Privát strand'),
(292, 122, 'Helyi busz_Bugibba tér'),
(293, 122, 'Helyi busz_St. Paul’s Island'),
(294, 122, 'Helyi busz_Spinola Bay'),
(295, 122, 'Taxi_Mdina óváros'),
(296, 123, 'Gyalogosan_Spinola Bay'),
(297, 123, 'Gyalogosan_St. George’s Bay'),
(298, 123, 'Helyi busz_Paceville szórakozónegyed'),
(299, 123, 'Helyi busz_Balluta Bay'),
(300, 123, 'Taxi_Sliema bevásárlóutca'),
(301, 124, 'Gyalogosan_Tengerparti sétány'),
(302, 124, 'Helyi busz_Sliema bevásárlóutca'),
(303, 124, 'Taxi_Valletta komp'),
(304, 124, 'Helyi busz_Balluta Bay'),
(305, 124, 'Gyalogosan_Spinola Bay'),
(306, 125, 'Taxi_Belém-torony'),
(307, 125, 'Taxi_Jerónimos-kolostor'),
(308, 125, 'Taxi_MAAT múzeum'),
(309, 125, 'Helyi busz_Lisszabon Óváros'),
(310, 125, 'Taxi_Cristo Rei szobor'),
(311, 126, 'Gyalogosan_Rossio tér'),
(312, 126, 'Gyalogosan_Santa Justa felvonó'),
(313, 126, 'Gyalogosan_Sé de Lisboa'),
(314, 126, 'Helyi villamos_Alfama negyed'),
(315, 126, 'Gyalogosan_Comercio tér'),
(316, 127, 'Gyalogosan_Praia do Carvoeiro'),
(317, 127, 'Taxi_Benagil barlangok'),
(318, 127, 'Helyi busz_Vale Covo strand'),
(319, 127, 'Hajó_Algarve sziklás partok'),
(320, 127, 'Taxi_Algar Seco kilátó'),
(321, 128, 'Gyalogosan_Praia do Maritur'),
(322, 128, 'Helyi busz_Carvoeiro központ'),
(323, 128, 'Hajókirándulás_Benagil barlang'),
(324, 128, 'Taxi_Algar Seco'),
(325, 128, 'Helyi busz_Carvoeiro kilátó'),
(326, 129, 'Gyalogosan_Károly híd'),
(327, 129, 'Gyalogosan_Óváros tér'),
(328, 129, 'Villamos_Vencel tér'),
(329, 129, 'Gyalogosan_Prágai vár'),
(330, 129, 'Helyi busz_Szent Vitus székesegyház'),
(331, 130, 'Gyalogosan_Wenceslas tér'),
(332, 130, 'Gyalogosan_Károly híd'),
(333, 130, 'Villamos_Prágai vár'),
(334, 130, 'Gyalogosan_Obecní dům'),
(335, 130, 'Helyi busz_Zizkov torony'),
(336, 131, 'Gyalogosan_Óváros tér'),
(337, 131, 'Gyalogosan_Károly híd'),
(338, 131, 'Helyi busz_Prágai vár'),
(339, 131, 'Gyalogosan_Szent Vitus székesegyház'),
(340, 131, 'Villamos_Nemzeti Múzeum'),
(341, 132, 'Gyalogosan_Óváros tér'),
(342, 132, 'Helyi busz_Károly híd'),
(343, 132, 'Villamos_Vencel tér'),
(344, 132, 'Helyi busz_Prágai vár'),
(345, 132, 'Gyalogosan_Obecní dům'),
(346, 133, 'Gyalogosan_Brandenburgi kapu'),
(347, 133, 'Gyalogosan_Unter den Linden sétány'),
(348, 133, 'U-Bahn_Alexanderplatz'),
(349, 133, 'Villamos_Potsdamer Platz'),
(350, 133, 'Gyalogosan_Reichstag'),
(351, 134, 'Gyalogosan_Marienplatz'),
(352, 134, 'Gyalogosan_Frauenkirche'),
(353, 134, 'Villamos_Englischer Garten'),
(354, 134, 'Gyalogosan_Viktualienmarkt'),
(355, 134, 'Helyi busz_Nymphenburg kastély'),
(356, 135, 'Gyalogosan_Römer tér'),
(357, 135, 'U-Bahn_Zeil bevásárlóutca'),
(358, 135, 'Villamos_Alte Oper'),
(359, 135, 'Gyalogosan_Main Tower'),
(360, 135, 'U-Bahn_Paulskirche'),
(361, 136, 'Gyalogosan_Reeperbahn'),
(362, 136, 'Gyalogosan_St. Michaelis templom'),
(363, 136, 'Villamos_Binnenalster'),
(364, 136, 'Helyi busz_Speicherstadt'),
(365, 136, 'Hajó_HafenCity'),
(366, 17, 'Gyalogosan_Lagos történelmi óváros'),
(367, 17, 'Helyi busz_Ponta da Piedade sziklák'),
(368, 17, 'Gyalogosan_Meia Praia strand'),
(369, 17, 'Helyi busz_Forte da Ponta da Bandeira'),
(370, 17, 'Kerékpár_Lagos öko-ösvények'),
(371, 18, 'Gyalogosan_La Rambla'),
(372, 18, 'Metró_Plaça de Catalunya'),
(373, 18, 'Metró_Barceloneta strand'),
(374, 18, 'Gyalogosan_Gothic Quarter'),
(375, 18, 'Metró + gyalog_Parc de la Ciutadella'),
(376, 19, 'Gyalogosan_Sevilla katedrális'),
(377, 19, 'Helyi busz_Alcazar palota'),
(378, 19, 'Gyalogosan_Barrio Santa Cruz'),
(379, 19, 'Kerékpár_Guadalquivir-part'),
(380, 19, 'Helyi busz_Metropol Parasol'),
(381, 20, 'Gyalogosan_Barceloneta strand'),
(382, 20, 'Gyalogosan_Port Vell'),
(383, 20, 'Metró_Gothic Quarter'),
(384, 20, 'Metró_Sagrada Família'),
(385, 20, 'Helyi busz_Parc de la Ciutadella'),
(386, 21, 'Gyalogosan_Belvedere palota'),
(387, 21, 'U-Bahn_Stephansdom'),
(388, 21, 'Villamos_Prater'),
(389, 21, 'Helyi busz_Hundertwasser ház'),
(390, 21, 'Gyalogosan_Staatsoper'),
(391, 22, 'Gyalogosan_Stephansdom'),
(392, 22, 'U-Bahn_Hofburg palota'),
(393, 22, 'Villamos_MuseumsQuartier'),
(394, 22, 'Gyalogosan_Kärntner Strasse'),
(395, 22, 'Helyi busz_Albertina múzeum'),
(396, 23, 'Gyalogosan_Naschmarkt'),
(397, 23, 'U-Bahn_MuseumsQuartier'),
(398, 23, 'Gyalogosan_Ringstraße'),
(399, 23, 'Villamos_Belvedere palota'),
(400, 23, 'Helyi busz_Secession épület'),
(401, 24, 'Gyalogosan_Alpok túraútvonalak'),
(402, 24, 'Helyi busz_Fontanella faluközpont'),
(403, 24, 'Kerékpár_Természeti ösvények'),
(404, 24, 'Gyalogosan_Regionális kilátópont'),
(405, 24, 'Helyi busz_Környékbeli tavak'),
(406, 29, 'Gyalogosan_Montpellier óváros'),
(407, 29, 'Kerékpár_Parc Zoologique'),
(408, 29, 'Helyi busz_Peyrou kert'),
(409, 29, 'Gyalogosan_Place de la Comédie'),
(410, 29, 'Kerékpár_Lez folyópart'),
(411, 30, 'Gyalogosan_Arles amfiteátrum'),
(412, 30, 'Helyi busz_Saint-Trophime kolostor'),
(413, 30, 'Kerékpár_Rhône-parti sétány'),
(414, 30, 'Gyalogosan_Van Gogh múzeum'),
(415, 30, 'Helyi busz_Camargue Nemzeti Park'),
(416, 31, 'Gyalogosan_Villers-la-Ville apátság'),
(417, 31, 'Kerékpár_Természetvédelmi ösvény'),
(418, 31, 'Helyi busz_Brabant falvak'),
(419, 31, 'Gyalogosan_Arboretum'),
(420, 31, 'Gyalogosan_Organikus farm'),
(421, 32, 'Gyalogosan_Bretagne partvonal'),
(422, 32, 'Helyi busz_Saint-Malo központ'),
(423, 32, 'Gyalogosan_Természeti rezervátum'),
(424, 32, 'Kerékpár_Organikus mezők'),
(425, 32, 'Gyalogosan_Helyi kézműves piac'),
(426, 33, 'Gyalogosan_Volimes faluközpont'),
(427, 33, 'Kerékpár_Orgonaültetvények'),
(428, 33, 'Gyalogosan_Helyi piac'),
(429, 33, 'Taxi_Porto Limnionas strand'),
(430, 33, 'Gyalogosan_Kézműves műhely'),
(431, 34, 'Gyalogosan_Farm és organikus kert'),
(432, 34, 'Helyi busz_Sparta történelmi város'),
(433, 34, 'Kerékpár_Olívaültetvények'),
(434, 34, 'Gyalogosan_Helyi piac'),
(435, 34, 'Helyi busz_Mystras romjai'),
(436, 35, 'Gyalogosan_Oia panoráma'),
(437, 35, 'Helyi busz_Fira központ'),
(438, 35, 'Gyalogosan_Ammoudi öböl'),
(439, 35, 'Hajó_Vulkáni szigetek'),
(440, 35, 'Gyalogosan_Helyi borászatok'),
(441, 36, 'Gyalogosan_Hersonissos óváros'),
(442, 36, 'Helyi busz_Knossos palota'),
(443, 36, 'Kerékpár_Öko-ösvények'),
(444, 36, 'Gyalogosan_Helyi piac'),
(445, 36, 'Taxi_Elafonissi strand'),
(446, 37, 'Gyalogosan_Trnulja faluközpont'),
(447, 37, 'Kerékpár_Természeti ösvények'),
(448, 37, 'Helyi busz_Tengerpart'),
(449, 37, 'Gyalogosan_Helyi piac'),
(450, 37, 'Hajó_Közeli szigetek'),
(451, 38, 'Gyalogosan_Sirolo óváros'),
(452, 38, 'Kerékpár_Conero Nemzeti Park'),
(453, 38, 'Helyi busz_Numana strand'),
(454, 38, 'Gyalogosan_Kézműves piac'),
(455, 38, 'Taxi_Portonovo öböl'),
(456, 39, 'Gyalogosan_Diocletianus-palota'),
(457, 39, 'Kerékpár_Riva sétány'),
(458, 39, 'Helyi busz_Marjan-hegy'),
(459, 39, 'Gyalogosan_Helyi piac'),
(460, 39, 'Hajó_Brač sziget'),
(461, 40, 'Gyalogosan_Omiš központ'),
(462, 40, 'Helyi busz_Cetina-kanyon'),
(463, 40, 'Kerékpár_Tengerparti ösvény'),
(464, 40, 'Gyalogosan_Helyi piac'),
(465, 40, 'Hajó_Omiš sziget'),
(466, 41, 'Gyalogosan_Permakultúrás farm'),
(467, 41, 'Kerékpár_Környékbeli ösvények'),
(468, 41, 'Helyi busz_Bolu város'),
(469, 41, 'Gyalogosan_Természeti rezervátum'),
(470, 41, 'Kerékpár_Organikus piac'),
(471, 42, 'Gyalogosan_Datça központ'),
(472, 42, 'Helyi busz_Knidos romjai'),
(473, 42, 'Gyalogosan_Organikus kert'),
(474, 42, 'Kerékpár_Tengerparti ösvény'),
(475, 42, 'Taxi_Knidos világítótorony'),
(476, 43, 'Gyalogosan_Bodrum óváros'),
(477, 43, 'Kerékpár_Organikus kert'),
(478, 43, 'Helyi busz_Bodrum vár'),
(479, 43, 'Hajó_Tengerparti kemping'),
(480, 43, 'Gyalogosan_Közösségi programok'),
(481, 44, 'Gyalogosan_Göreme Nemzeti Park'),
(482, 44, 'Helyi busz_Ürgüp város'),
(483, 44, 'Kerékpár_Vulkáni ösvények'),
(484, 44, 'Gyalogosan_Kézműves műhely'),
(485, 44, 'Hőlégballon_Ballonos kirándulás'),
(486, 45, 'Gyalogosan_Siwa oázis'),
(487, 45, 'Kerékpár_Szivattyús tavak'),
(488, 45, 'Helyi busz_Shali romjai'),
(489, 45, 'Gyalogosan_Organikus farm'),
(490, 45, 'Hajó_Siwa lagúna'),
(491, 46, 'Gyalogosan_Nílus-part'),
(492, 46, 'Hajó_Elephantine-sziget'),
(493, 46, 'Helyi busz_Aswan bazár'),
(494, 46, 'Gyalogosan_Kézműves műhely'),
(495, 46, 'Hajó_Philae templom'),
(496, 47, 'Gyalogosan_Sínai túraút'),
(497, 47, 'Helyi busz_St. Catherine kolostor'),
(498, 47, 'Kerékpár_Organikus kert'),
(499, 47, 'Gyalogosan_Természeti rezervátum'),
(500, 47, 'Taxi_Tengerpart'),
(501, 48, 'Gyalogosan_Kairói bazár'),
(502, 48, 'Metró_Egyiptomi Múzeum'),
(503, 48, 'Gyalogosan_Al-Azhar mecset'),
(504, 48, 'Helyi busz_Citadella'),
(505, 48, 'Gyalogosan_Öko kávézó'),
(506, 49, 'Gyalogosan_Zöld ösvények'),
(507, 49, 'Kerékpár_Solar Park'),
(508, 49, 'Helyi busz_Dubai Creek'),
(509, 49, 'Taxi_Eco Market'),
(510, 49, 'Gyalogosan_Community Garden'),
(511, 50, 'Gyalogosan_Privát strand'),
(512, 50, 'Helyi busz_Corniche park'),
(513, 50, 'Kerékpár_Mangrove ösvények'),
(514, 50, 'Taxi_Heritage Village'),
(515, 50, 'Hajó_Marina'),
(516, 51, 'Gyalogosan_Al Majaz park'),
(517, 51, 'Helyi busz_Sharjah Museum'),
(518, 51, 'Kerékpár_Organikus farm'),
(519, 51, 'Taxi_Sharjah Creek'),
(520, 51, 'Gyalogosan_Community market'),
(521, 52, 'Gyalogosan_Sivatagi ösvények'),
(522, 52, 'Helyi busz_Jebel Jais'),
(523, 52, 'Kerékpár_Természeti rezervátum'),
(524, 52, 'Gyalogosan_Organikus kert'),
(525, 52, 'Taxi_Faluközpont'),
(526, 53, 'Gyalogosan_Organikus kert'),
(527, 53, 'Kerékpár_Doi Suthep templom'),
(528, 53, 'Helyi busz_Chiang Mai óváros'),
(529, 53, 'Gyalogosan_Helyi piac'),
(530, 53, 'Kerékpár_Helyi falusi útvonal'),
(531, 54, 'Gyalogosan_Privát strand'),
(532, 54, 'Hajó_Tengeri rezervátum'),
(533, 54, 'Kerékpár_Organikus farm'),
(534, 54, 'Taxi_Lanta óváros'),
(535, 54, 'Gyalogosan_Mangrove tanösvény'),
(536, 55, 'Gyalogosan_Patong Beach'),
(537, 55, 'Kerékpár_Helyi piac'),
(538, 55, 'Taxi_Kata Beach'),
(539, 55, 'Hajó_Phi Phi szigetek'),
(540, 55, 'Gyalogosan_Bambusz kert'),
(541, 56, 'Gyalogosan_Faépítésű ösvény'),
(542, 56, 'Kerékpár_Helyi falvak'),
(543, 56, 'Helyi busz_Chiang Rai város'),
(544, 56, 'Gyalogosan_Organikus kert'),
(545, 56, 'Hajó_Mae Kok folyó'),
(546, 58, 'Gyalogosan_Atlas-hegység ösvények'),
(547, 58, 'Kerékpár_Helyi falvak'),
(548, 58, 'Taxi_Természeti rezervátum'),
(549, 58, 'Gyalogosan_Organikus farm'),
(550, 58, 'Hajó_Tóparti ösvény'),
(551, 59, 'Gyalogosan_Erg Chebbi dűnék'),
(552, 59, 'Camel Ride_Sivatagi felfedezés'),
(553, 59, 'Helyi busz_Merzouga faluközpont'),
(554, 59, 'Gyalogosan_Csillagos égbolt megfigyelés'),
(555, 59, 'Kerékpár_Sivatagi ösvények'),
(556, 60, 'Gyalogosan_Kasbah Taourirt'),
(557, 60, 'Helyi busz_Atlasfilm-stúdió'),
(558, 60, 'Kerékpár_Helyi falvak'),
(559, 60, 'Gyalogosan_Organikus kert'),
(560, 60, 'Taxi_Természeti kilátó'),
(561, 61, 'Gyalogosan_Valletta óváros'),
(562, 61, 'Gyalogosan_Upper Barrakka kert'),
(563, 61, 'Helyi busz_Grand Harbour'),
(564, 61, 'Gyalogosan_St. John katedrális'),
(565, 61, 'Kerékpár_Helyi piac'),
(566, 62, 'Gyalogosan_Privát strand'),
(567, 62, 'Kerékpár_Mellieħa ösvények'),
(568, 62, 'Helyi busz_Bugibba tér'),
(569, 62, 'Gyalogosan_Helyi piac'),
(570, 62, 'Hajó_St. Paul sziget'),
(571, 63, 'Gyalogosan_Gozo főváros'),
(572, 63, 'Kerékpár_Dwejra Bay'),
(573, 63, 'Helyi busz_Ġgantija templomok'),
(574, 63, 'Gyalogosan_Tengerparti ösvények'),
(575, 63, 'Taxi_Xlendi öböl'),
(576, 64, 'Gyalogosan_Mdina óváros'),
(577, 64, 'Kerékpár_Mdina falak'),
(578, 64, 'Helyi busz_Rabat templomok'),
(579, 64, 'Gyalogosan_Organikus piac'),
(580, 64, 'Taxi_Buskett kertek'),
(581, 65, 'Gyalogosan_Porto óváros'),
(582, 65, 'Kerékpár_Douro folyó partja'),
(583, 65, 'Helyi busz_Ribeira negyed'),
(584, 65, 'Gyalogosan_Portói piac'),
(585, 65, 'Hajó_Douro szőlőültetvények'),
(586, 66, 'Gyalogosan_Praia Dona Ana'),
(587, 66, 'Kerékpár_Ponta da Piedade'),
(588, 66, 'Helyi busz_Lagos óváros'),
(589, 66, 'Hajó_Benagil barlang'),
(590, 66, 'Gyalogosan_Öko-ösvények'),
(591, 67, 'Gyalogosan_Rossio tér'),
(592, 67, 'Metró_Alfama negyed'),
(593, 67, 'Kerékpár_Tejo folyópart'),
(594, 67, 'Villamos_Belem-kolostor'),
(595, 67, 'Gyalogosan_Organikus piac'),
(596, 68, 'Gyalogosan_Funchal óváros'),
(597, 68, 'Kerékpár_Levada ösvények'),
(598, 68, 'Helyi busz_Monte kilátó'),
(599, 68, 'Hajó_Dolphin & Whale Watching'),
(600, 68, 'Gyalogosan_Organikus farm'),
(601, 69, 'Gyalogosan_Óváros tér'),
(602, 69, 'Villamos_Károly híd'),
(603, 69, 'Helyi busz_Prágai vár'),
(604, 69, 'Gyalogosan_Szent Vitus székesegyház'),
(605, 69, 'Kerékpár_Vltava folyópart'),
(606, 70, 'Gyalogosan_Špilberk vár'),
(607, 70, 'Helyi busz_Zelný trh piac'),
(608, 70, 'Kerékpár_Sör- és organikus útvonal'),
(609, 70, 'Gyalogosan_Brno óváros'),
(610, 70, 'Taxi_Tugendhat Villa'),
(611, 71, 'Gyalogosan_Český Krumlov óváros'),
(612, 71, 'Kerékpár_Moldva folyópart'),
(613, 71, 'Gyalogosan_Helyi piac'),
(614, 71, 'Helyi busz_Krumlov vár'),
(615, 71, 'Hajó_Vízparti túra'),
(616, 72, 'Gyalogosan_Városi sétány'),
(617, 72, 'Helyi busz_Gyógyforrások'),
(618, 72, 'Kerékpár_Természeti ösvények'),
(619, 72, 'Gyalogosan_Organikus piac'),
(620, 72, 'Taxi_Becherovka múzeum'),
(621, 73, 'Gyalogosan_Brandenburgi kapu'),
(622, 73, 'Villamos_Alexanderplatz'),
(623, 73, 'Gyalogosan_Tiergarten park'),
(624, 73, 'Helyi busz_Reichstag'),
(625, 73, 'Kerékpár_Organikus piac'),
(626, 74, 'Gyalogosan_Alpok túraútvonal'),
(627, 74, 'Kerékpár_Bajor falvak'),
(628, 74, 'Helyi busz_Tegernsee tó'),
(629, 74, 'Gyalogosan_Organikus farm'),
(630, 74, 'Taxi_Kilátópont'),
(631, 75, 'Gyalogosan_Reeperbahn'),
(632, 75, 'Villamos_Binnenalster'),
(633, 75, 'Helyi busz_Speicherstadt'),
(634, 75, 'Kerékpár_Elbe folyópart'),
(635, 75, 'Hajó_HafenCity'),
(636, 76, 'Gyalogosan_Marienplatz'),
(637, 76, 'Villamos_Viktualienmarkt'),
(638, 76, 'Kerékpár_Englischer Garten'),
(639, 76, 'Helyi busz_Nymphenburg kastély'),
(640, 76, 'Gyalogosan_Alte Pinakothek'),
(641, 57, 'Gyalogosan 5 perc_Jemaa el-Fnaa tér; Gyalogosan 7 perc_Koutoubia mecset; Gyalogosan 10 perc_Saadian sírok; Gyalogosan 12 perc_Bahia-palota; Gyalogosan 15 perc_Marrakech múzeum'),
(652, 57, 'Gyalogosan 5 perc_Jemaa el-Fnaa tér'),
(653, 137, 'Gyalogosan 3 perc_Jemaa el-Fnaa tér'),
(654, 138, 'Autóval 10 perc_Assisi Óváros'),
(655, 139, 'Gyalogosan 5 perc_Biofarm látogatóközpont'),
(656, 140, 'Gyalogosan 2 perc_Pont-Aven múzeum'),
(657, 141, 'Gyalogosan 3 perc_Tempio di Diana'),
(658, 142, 'Gyalogosan 2 perc_Clark Városi Múzeum'),
(659, 143, 'Gyalogosan 2 perc_Városi főtér'),
(660, 144, 'Gyalogosan 2 perc_Moulin Rouge'),
(661, 145, 'Gyalogosan 3 perc_Városközpont'),
(662, 146, 'Gyalogosan 2 perc_Óváros főtér'),
(663, 57, 'Gyalogosan 7 perc_Koutoubia mecset'),
(664, 137, 'Gyalogosan 5 perc_Koutoubia mecset'),
(665, 138, 'Autóval 15 perc_Szent Ferenc-bazilika'),
(666, 139, 'Gyalogosan 7 perc_Organikus kert túra'),
(667, 140, 'Gyalogosan 5 perc_Art Gallery'),
(668, 141, 'Gyalogosan 5 perc_Nature trail'),
(669, 142, 'Gyalogosan 5 perc_Tengerparti sétány'),
(670, 143, 'Gyalogosan 4 perc_Katedrális'),
(671, 144, 'Gyalogosan 4 perc_Sacre-Coeur'),
(672, 145, 'Gyalogosan 5 perc_Business District'),
(673, 146, 'Gyalogosan 4 perc_Történelmi múzeum'),
(674, 57, 'Gyalogosan 10 perc_Saadian sírok'),
(675, 137, 'Gyalogosan 6 perc_Bahia-palota'),
(676, 138, 'Gyalogosan 5 perc_Eremito kertje'),
(677, 139, 'Autóval 15 perc_Helyi borászat'),
(678, 140, 'Autóval 10 perc_Bénodet strand'),
(679, 141, 'Gyalogosan 7 perc_Tóparti sétány'),
(680, 142, 'Gyalogosan 3 perc_City Park'),
(681, 143, 'Gyalogosan 5 perc_Múzeum'),
(682, 144, 'Gyalogosan 5 perc_Montmartre sétány'),
(683, 145, 'Gyalogosan 4 perc_Múzeum'),
(684, 146, 'Gyalogosan 5 perc_Városi park'),
(685, 57, 'Gyalogosan 12 perc_Bahia-palota'),
(686, 137, 'Gyalogosan 8 perc_Saadian sírok'),
(687, 138, 'Helyi busz_Perugia városközpont'),
(688, 139, 'Gyalogosan 10 perc_Tanyasi piac'),
(689, 140, 'Gyalogosan 3 perc_Városi park'),
(690, 141, 'Helyi busz_Lokal piac'),
(691, 142, 'Helyi busz_Helyi borászat'),
(692, 143, 'Helyi busz_Strand'),
(693, 144, 'Villamos_Louvre'),
(694, 145, 'Villamos_Sportaréna'),
(695, 146, 'Helyi busz_Tengerpart'),
(696, 57, 'Gyalogosan 15 perc_Marrakech múzeum'),
(697, 137, 'Gyalogosan 10 perc_Marrakech múzeum'),
(698, 138, 'Autóval 25 perc_Orvieto katedrális'),
(699, 139, 'Helyi busz_Falu múzeum'),
(700, 140, 'Helyi busz_Concarneau óváros'),
(701, 141, 'Autóval 12 perc_Múzeum a közelben'),
(702, 142, 'Autóval 15 perc_Historical District'),
(703, 143, 'Autóval 15 perc_Történelmi városrész'),
(704, 144, 'Autóval 10 perc_Opera'),
(705, 145, 'Autóval 15 perc_Park'),
(707, 146, 'Autóval 12 perc_Borászat');

-- --------------------------------------------------------

--
-- Tábla szerkezet ehhez a táblához `users`
--

CREATE TABLE `users` (
  `id` int(11) NOT NULL,
  `fullName` varchar(255) NOT NULL,
  `username` varchar(150) NOT NULL,
  `email` varchar(255) NOT NULL,
  `password_hash` varchar(255) NOT NULL,
  `created_at` datetime DEFAULT current_timestamp(),
  `profile_image` varchar(255) DEFAULT NULL,
  `admin` int(15) NOT NULL
) ENGINE=InnoDB DEFAULT CHARSET=utf8mb4 COLLATE=utf8mb4_general_ci;

--
-- A tábla adatainak kiíratása `users`
--

INSERT INTO `users` (`id`, `fullName`, `username`, `email`, `password_hash`, `created_at`, `profile_image`, `admin`) VALUES
(8, 'admin admin', 'admin', 'Ecotripmail@gmail.com', 'AQAAAAIAAYagAAAAEEjrmjpeAxnKpuJytLMzENDOI80Sm+xIX1tsPxelqhvVWGqqNW6M9OHASpsbvpjJkQ==', '2026-04-15 05:54:54', 'https://www.gravatar.com/avatar/?d=mp&s=200', 0);

--
-- Indexek a kiírt táblákhoz
--

--
-- A tábla indexei `bookings`
--
ALTER TABLE `bookings`
  ADD PRIMARY KEY (`id`),
  ADD KEY `user_id` (`user_id`),
  ADD KEY `trip_id` (`trip_id`);

--
-- A tábla indexei `countrys`
--
ALTER TABLE `countrys`
  ADD PRIMARY KEY (`id`);

--
-- A tábla indexei `reviews`
--
ALTER TABLE `reviews`
  ADD PRIMARY KEY (`id`);

--
-- A tábla indexei `trips`
--
ALTER TABLE `trips`
  ADD PRIMARY KEY (`id`),
  ADD KEY `country_id` (`country_id`);

--
-- A tábla indexei `trips_images`
--
ALTER TABLE `trips_images`
  ADD PRIMARY KEY (`id`),
  ADD KEY `fk_trips_images_trip` (`trip_id`);

--
-- A tábla indexei `trip_map_locations`
--
ALTER TABLE `trip_map_locations`
  ADD PRIMARY KEY (`id`),
  ADD KEY `fk_trip_map_trips` (`trips_id`);

--
-- A tábla indexei `trip_routes`
--
ALTER TABLE `trip_routes`
  ADD PRIMARY KEY (`id`),
  ADD KEY `fk_trip_routes_trip` (`trip_id`);

--
-- A tábla indexei `users`
--
ALTER TABLE `users`
  ADD PRIMARY KEY (`id`),
  ADD UNIQUE KEY `username` (`username`),
  ADD UNIQUE KEY `email` (`email`);

--
-- A kiírt táblák AUTO_INCREMENT értéke
--

--
-- AUTO_INCREMENT a táblához `bookings`
--
ALTER TABLE `bookings`
  MODIFY `id` int(11) NOT NULL AUTO_INCREMENT, AUTO_INCREMENT=4;

--
-- AUTO_INCREMENT a táblához `countrys`
--
ALTER TABLE `countrys`
  MODIFY `id` int(11) NOT NULL AUTO_INCREMENT, AUTO_INCREMENT=17;

--
-- AUTO_INCREMENT a táblához `reviews`
--
ALTER TABLE `reviews`
  MODIFY `id` int(11) NOT NULL AUTO_INCREMENT, AUTO_INCREMENT=35;

--
-- AUTO_INCREMENT a táblához `trips`
--
ALTER TABLE `trips`
  MODIFY `id` int(11) NOT NULL AUTO_INCREMENT, AUTO_INCREMENT=147;

--
-- AUTO_INCREMENT a táblához `trips_images`
--
ALTER TABLE `trips_images`
  MODIFY `id` int(11) NOT NULL AUTO_INCREMENT, AUTO_INCREMENT=704;

--
-- AUTO_INCREMENT a táblához `trip_map_locations`
--
ALTER TABLE `trip_map_locations`
  MODIFY `id` int(11) NOT NULL AUTO_INCREMENT, AUTO_INCREMENT=185;

--
-- AUTO_INCREMENT a táblához `trip_routes`
--
ALTER TABLE `trip_routes`
  MODIFY `id` int(11) NOT NULL AUTO_INCREMENT, AUTO_INCREMENT=715;

--
-- AUTO_INCREMENT a táblához `users`
--
ALTER TABLE `users`
  MODIFY `id` int(11) NOT NULL AUTO_INCREMENT, AUTO_INCREMENT=9;

--
-- Megkötések a kiírt táblákhoz
--

--
-- Megkötések a táblához `bookings`
--
ALTER TABLE `bookings`
  ADD CONSTRAINT `bookings_ibfk_1` FOREIGN KEY (`user_id`) REFERENCES `users` (`id`) ON DELETE CASCADE,
  ADD CONSTRAINT `bookings_ibfk_2` FOREIGN KEY (`trip_id`) REFERENCES `trips` (`id`) ON DELETE SET NULL;

--
-- Megkötések a táblához `trips`
--
ALTER TABLE `trips`
  ADD CONSTRAINT `trips_ibfk_1` FOREIGN KEY (`country_id`) REFERENCES `countrys` (`id`) ON DELETE SET NULL;

--
-- Megkötések a táblához `trips_images`
--
ALTER TABLE `trips_images`
  ADD CONSTRAINT `fk_trips_images_trip` FOREIGN KEY (`trip_id`) REFERENCES `trips` (`id`) ON DELETE CASCADE;

--
-- Megkötések a táblához `trip_map_locations`
--
ALTER TABLE `trip_map_locations`
  ADD CONSTRAINT `fk_trip_map_trips` FOREIGN KEY (`trips_id`) REFERENCES `trips` (`id`) ON DELETE CASCADE;

--
-- Megkötések a táblához `trip_routes`
--
ALTER TABLE `trip_routes`
  ADD CONSTRAINT `fk_trip_routes_trip` FOREIGN KEY (`trip_id`) REFERENCES `trips` (`id`) ON DELETE CASCADE;
COMMIT;

/*!40101 SET CHARACTER_SET_CLIENT=@OLD_CHARACTER_SET_CLIENT */;
/*!40101 SET CHARACTER_SET_RESULTS=@OLD_CHARACTER_SET_RESULTS */;
/*!40101 SET COLLATION_CONNECTION=@OLD_COLLATION_CONNECTION */;
